code,name,secondary_name,state,begin_date,end_date,campaign,result,latitude,longitude,coord_source,summary
AL001,Day's Gap,Sand Mountain,AL,4/30/1863,4/30/1863,Streight's Raid: Tuscumbia Alabama Toward Rome Geo,Union Victory,34.3096,-87.011,Wikidata Q3821512,"Union Col. Abel D. Streight led a provisional brigade on a raid to cut the Western & Atlantic Railroad that supplied Gen. Braxton Bragg’s Confederate army in Middle Tennessee. From Nashville, Tennessee, Streight’s command traveled to Eastport, Mississippi, and then proceeded east to Tuscumbia, Alabama, in conjunction with another Union force commanded by Brig. Gen. Grenville Dodge. On April 26, 1863, Streight’s men left Tuscumbia and marched southeast, their initial movements screened by Dodge’s troops. On April 30, Confederate Brig. Gen. Nathan Bedford Forrest’s brigade caught up with Streigh"
AL002,Athens,,AL,1/26/1864,1/26/1864,Operations in North Alabama,Union Victory,34.8033,-86.9722,Wikidata Q3327478,"Confederate cavalry, numbering about 600 men, attacked Athens, held by about 100 Union troops, around 4:00 am on the morning of January 26, 1864. After a two-hour battle, the Confederates retreated. Union forces, although greatly outnumbered and without fortifications, repulsed the attackers."
AL003,Mobile Bay,Passing of Forts Morgan and Gaines,AL,8/2/1864,8/23/1864,Burbridge's Raid into Southwest Virginia,Union Victory,30.240833333,-88.053055555,Wikidata Q1519203,"A combined Union force initiated operations to close Mobile Bay to blockade running. Some Union forces landed on Dauphin Island and laid siege to Fort Gaines. On August 5, Farragut’s Union fleet of eighteen ships entered Mobile Bay and received a devastating fire from Forts Gaines and Morgan and other points. After passing the forts, Farragut forced the Confederate naval forces, under Adm. Franklin Buchanan, to surrender, which effectively closed Mobile Bay. By August 23, Fort Morgan, the last big holdout, fell, shutting down the port. The city, however, remained uncaptured."
AL004,Decatur,,AL,10/26/1864,10/29/1864,Savannah Campaign,Union Victory,34.614,-86.986,Wikidata Q3775715,"As Gen. John B. Hood began the Franklin-Nashville Campaign during the fall of 1864, his Army of Tennessee demonstrated against Decatur, Alabama, October 26-29, in an attempt to cross the Tennessee River. Union forces, under the command of Brig. Gen. Robert S. Granger for most of the battle, numbered only about 5,000 men, but successfully prevented the much larger Confederate force from crossing the river."
AL005,Spanish Fort,,AL,3/27/1865,4/8/1865,Mobile Campaign,Union Victory,30.733055555,-87.720277777,Wikidata Q2184295,"Maj. Gen. E.R.S. Canby’s XIII and XVI corps moved along the eastern shore of Mobile Bay forcing the Confederates back into their defenses. Union forces then concentrated on Spanish Fort and Fort Blakely. On March 27, 1865, Canby’s forces rendezvoused at Danley’s Ferry and immediately undertook a siege of Spanish Fort. The Union had enveloped the fort by April 1, and on April 8 captured it. Most of the Confederate forces, under the command of Brig. Gen. Randall L. Gibson, escaped and fled to Mobile, but Spanish Fort was no longer a threat."
AL006,Fort Blakely,,AL,4/2/1865,4/9/1865,Mobile Campaign,Union Victory,,,,"E.R.S. Canby’s forces, the XVI and XIII corps, moved along the eastern shore of Mobile Bay, forcing the Confederates back into their defenses. Union forces then concentrated on Spanish Fort and Fort Blakely. By April 1, Union forces had enveloped Spanish Fort, thereby releasing more troops to focus on Fort Blakely. Brig. Gen. St. John R. Liddell, with about 4,000 men, held out against the much larger Union force until Spanish Fort fell on April 8, allowing Canby to concentrate 16,000 men for the attack on April 9. Sheer numbers breached the Confederate earthworks compelling the Confederates to"
AL007,Selma,,AL,4/2/1865,4/2/1865,Wilson's Raid: Chickasaw Alabama and Macon Georgia,Union Victory,32.426833333,-87.01415,Wikidata Q2313310,"Maj. Gen. James H. Wilson, commanding three divisions of Union cavalry, about 13,500 men, led his men south from Gravelly Springs, Alabama, on March 22, 1865. Opposed by Confederate Lt. Gen. Nathan B. Forrest, Wilson skillfully continued his march and eventually defeated him in a running battle at Ebenezer Church, on April 1. Continuing towards Selma, Wilson split his command into three columns. Although Selma was well-defended, the Union columns broke through the defenses at separate points forcing the Confederates to surrender the city, although many of the officers and men, including Forres"
AL008,Ebeneezer Church,,AL,,,,Union Victory,34.5620379,-87.7300318,"OpenStreetMap: Ebeneezer Church, County Road 58, Fairview, Franklin County, Alabama, 35654, United States",
AR001,Pea Ridge,Elkhorn Tavern,AR,3/6/1862,3/8/1862,Pea Ridge Campaign,Union Victory,36.454388888,-94.034694444,Wikidata Q193993,"On the night of March 6, Maj. Gen. Earl Van Dorn set out to outflank the Union position near Pea Ridge, dividing his army into two columns. Learning of Van Dorn’s approach, the Federals marched north to meet his advance on March 7. This movement’compounded by the killing of two generals, Brig. Gen. Ben McCulloch and Brig. Gen. James McQueen McIntosh, and the capture of their ranking colonel’halted the Rebel attack. Van Dorn led a second column to meet the Federals in the Elkhorn Tavern and Tanyard area. By nightfall, the Confederates controlled Elkhorn Tavern and Telegraph Road. The next day, "
AR002,Saint Charles,,AR,6/17/1862,6/17/1862,Operations on White River,Union Victory,34.378055555,-91.126111111,Wikidata Q2307727,"On the morning of June 17, USS Mound City, St. Louis, Lexington, Conestoga, and transports proceeded up White River towards Saint Charles attempting to resupply Maj. Gen. Samuel R. Curtis’s army near Jacksonport. A few miles below Saint Charles, the 46th Indiana Infantry under the command of Col. Graham N. Fitch disembarked, formed a skirmish line, and proceeded upriver towards the Rebel batteries on Saint Charles bluffs, under the command of Capt. Joseph Fry, C.S.N. At the same time, the Union gunboats went upriver to engage the Rebel batteries; Mound City was hit and her steam drum exploded "
AR003,Hill's Plantation,"Cache River, Cotton Plant, Round Hill",AR,7/7/1862,7/7/1862,Operations Near Cacke River Arkansas,Union Victory,35.0365,-91.293,Wikidata Q1834971,"Union Maj. Gen. Samuel R. Curtis moved on Helena, Arkansas, in search of supplies to replace those that had been promised but never delivered by the Navy. The Confederates under Maj. Gen. Thomas C. Hindman attempted to prevent this change of supply base by continually skirmishing with the Union troops. The Confederates made a stand at the Cache River on July 7. As Union Col. C.L. Harris moved forward with elements of the 11th Wisconsin, 33rd Illinois, and the 1st Indiana Cavalry, moved forward, he blundered into an ambuscade. The fighting became more general, and the Confederates, with a front"
AR004,Cane Hill,"Canehill, Boston Mountains",AR,11/28/1862,11/28/1862,Prairie Grove Campaign,Confederate Victory (tactical),33.3095652,-92.3043088,"OpenStreetMap: Cane Hill, Bradley County, Arkansas, 71651, United States","In late November, Maj. Gen. Thomas C. Hindman detached Brig. Gen. John Marmaduke’s cavalry from Van Buren north to occupy the Cane Hill area. Hearing of this movement, Brig. Gen. James Blunt advanced to meet Marmaduke’s command and destroy it, if possible. The Union vanguard encountered Col. Joe Shelby’s brigade, which fought a delaying action to protect their supply trains. Shelby gradually gave ground until establishing a strong defensive perimeter on Cove Creek where he repulsed a determined attack. The Federals withdrew to Cane Hill, while the Confederates returned to Van Buren. Although f"
AR005,Prairie Grove,Fayetteville,AR,12/7/1862,12/7/1862,Prairie Grove Campaign,Union Victory (strategic),35.983055555,-94.310555555,Wikidata Q2789421,"Maj. Gen. Thomas C. Hindman sought to destroy Brig. Gen. Francis Herron’s and Brig. Gen. James Blunt’s divisions before they joined forces. Hindman placed his large force between the two Union divisions, turning on Herron first and routing his cavalry. As Hindman pursued the cavalry, he met Herron’s infantry which pushed him back. The Rebels then established their line of battle on a wooded high ridge northeast of Prairie Grove Church. Herron brought his artillery across the Illinois River and initiated an artillery duel. The Union troops assaulted twice and were repulsed. The Confederates cou"
AR006,Arkansas Post,Fort Hindman,AR,1/9/1863,1/11/1863,Operations Against Vicksburg,Union Victory,34.016666666,-91.345277777,Wikidata Q761031,"From Fort Hindman, at Arkansas Post, Confederates had been disrupting Union shipping on the Mississippi River. Maj. Gen. John McClernand, therefore, undertook a combined force movement on Arkansas Post to capture it. Union boats began landing troops near Arkansas Post in the evening of January 9, 1863. The troops started up river towards Fort Hindman. Maj. Gen. William T. Sherman’s corps overran Rebel trenches, and the enemy retreated to the protection of the fort and adjacent rifle-pits. Rear Adm. David Porter, on the 10th, moved his fleet towards Fort Hindman and bombarded it withdrawing at "
AR007,Chalk Bluff,,AR,5/1/1863,5/2/1863,Marmaduke's Second Expedition Into Missouri,Confederate Victory (tactical),36.47726,-90.15883,Wikidata Q2384888,"Union Brig. Gen. William Vandever pursued Brig. Gen. John S. Marmaduke to Chalk Bluff, where the Confederates hoped to cross the St. Francis River. To ford the river, Marmaduke established a rearguard that received heavy punishment on May 1-2. Although most of Marmaduke’s raiders crossed the St. Francis River, they suffered heavy casualties and therefore ended the expedition."
AR008,Helena,,AR,7/4/1863,7/4/1863,Grant's Operations Against Vicksburg,Union Victory,34.526111111,-90.596944444,Wikidata Q2282207,"Lt. Gen. Theophilus Holmes’s troops attacked Helena in an attempt to relieve pressure on Vicksburg. Although the Rebels had more troops and did initially capture some of the fortifications, the Union forces repelled them. Thus, Helena continued as an important Union enclave in the Trans-Mississippi theater and served as a base for the expedition that captured Little Rock."
AR009,Devil's Backbone,Backbone Mountain,AR,9/1/1863,9/1/1863,Operations to Control Indian Territory,Union Victory,35.8952199,-92.6154756,"OpenStreetMap: Devil’s Backbone Road Cut—Geology, US 65, Marshall, Searcy County, Arkansas, 72650, United States","Union Maj. Gen. James G. Blunt ordered Col. William Cloud to continue in pursuit of the Confederate forces that had withdrawn from Fort Smith and were chased to Old Jenny Lind. The Rebels turned on Cloud and skirmished with him at the base of Devil’s Backbone. Cabell’s forces ambushed approaching Union troops and momentarily halted their advance. Regrouping, the Union forces, with the help of artillery, advanced again and forced the Confederates to retire in disorder to Waldron."
AR010,Bayou Fourche,Little Rock,AR,9/10/1863,9/10/1863,Union Advance on Little Rock,Union Victory,34.721972222,-92.2015,Wikidata Q2233920,"On September 10, 1863, Maj. Gen. Fred Steele, Army of Arkansas commander, sent Brig. Gen. John W. Davidson’s cavalry division across the Arkansas River to move on Little Rock, while he took other troops to attack Confederates entrenched on the north side. In his thrust toward Little Rock, Davidson ran into Confederate troops at Bayou Fourche. Aided by Union artillery fire from the north side of the river, Davidson forced them out of their position and sent them fleeing back to Little Rock, which fell to Union troops that evening. Bayou Fourche sealed Little Rock’s fate. The fall of Little Rock"
AR011,Pine Bluff,,AR,10/25/1863,10/25/1863,Union Advance on Little Rock,Union Victory,34.229722222,-92.003333333,Wikidata Q2647386,"At 8:00 am, October 25, Col. Powell Clayton sent a company of cavalry toward Princeton which ran into Brig. Gen. John S. Marmaduke’s men advancing. After some fire, the Rebels, under a flag of truce, came forward demanding surrender. Lt. M.F. Clark answered that there would be no surrender. Clayton slowly retreated back into Pine Bluff. In the meantime, about 300 African-American soldiers rolled cotton bales out of the warehouses for barricades to protect court square. After failing to take the square by force, the Rebels attempted to burn out the Union forces but to no avail. The Confederate "
AR012,Elkin's Ferry,Okolona,AR,4/3/1864,4/4/1864,Camden Expedition,Union Victory,33.93055556,-93.35722222,Wikidata Q2840763,"During the expedition, Union forces sought a ford to cross the Little Missouri River because other roads were impassible. They reached Elkin’s Ferry before the Confederates. As they crossed, the Confederates attempted to stop them but to no avail."
AR013,Prairie D'Ane,"Gum Grove, Moscow",AR,4/10/1864,4/13/1864,Camden Expedition,Union Victory,33.66111111,-93.30083333,Wikidata Q4872098,"On April 10, Maj. Gen. Fred Steele’s Union forces, combined with Brig. Gen. John M. Thayer’s division, marched south from the Cornelius Farm. They soon encountered a Confederate line of battle at Prairie D’Ane and attacked, driving it back about a mile before being checked. Skirmishing continued throughout the afternoon of April 11, forcing Steele to divert line of march forces away from Shreveport toward Camden. Maj. Gen. Sterling Price’s Confederates returned to Prairie D’Ane on April 13, falling upon Steele’s rearguard under Thayer. After a four-hour battle, Price disengaged, and Steele’s c"
AR014,Poison Spring,,AR,4/18/1864,4/18/1864,Camden Expedition,Confederate Victory,33.637611111,-93.006,Wikidata Q3007076,"Dwindling supplies for his army at Camden forced Maj. Gen. Fred Steele to send out a foraging party to gather corn that the Confederates had stored about twenty miles up the Prairie D’Ane-Camden Road on White Oak Creek. The party loaded the corn into wagons, and on April 18, Col. James M. Williams started his return to Camden. Brig. Gen. John S. Marmaduke’s and Brig. Gen. Samuel B. Maxey’s Confederate forces arrived at Lee Plantation, about fifteen miles from Camden, where they engaged Williams. The Rebels eventually attacked Williams in the front and rear forcing him to retreat north into a m"
AR015,Marks' Mills,,AR,4/25/1864,4/25/1864,Camden Expedition,Confederate Victory,33.781111111,-92.256944444,Wikidata Q2804685,"A Union force escorted 240 wagons from Camden to Pine Bluff to pick up supplies and transport them back to Maj. Gen. Fred Steele’s army. At first the Union escort rebuffed Rebel attempts to halt them. Then the Confederates moved in on the Union rear and front, causing a rout. The Rebels captured most of the men and all of the supply wagons. Thus, Steele gave up all thoughts of uniting with Maj. Gen. Nathaniel Banks on the Red River and realized that he had to save his army."
AR016,Jenkin's Ferry,,AR,4/30/1864,4/30/1864,Camden Expedition,Union Victory,34.2125,-92.5475,Wikidata Q3291913,"Maj. Gen. Fred Steele’s forces retreated from Camden after being mauled at Marks’ Mills and Poison Spring. On the afternoon of April 29, the Union forces reached Jenkins’ Ferry and began crossing the Saline River, which was swollen by heavy rain. Rebel forces arrived on the 30th and attacked repeatedly. The Federals repulsed the attacks and finally crossed with all their men and supply wagons, many of which they were compelled to abandon in the swamp north of Saline. The Confederates bungled a good chance to destroy Steele’s army, which after crossing the river, regrouped at Little Rock."
AR017,Old River Lake,"Ditch Bayou, Lake Chicot, Lake Village, Furlough, Fish Bayou, Grand Lake",AR,6/6/1864,6/6/1864,Expedition to Lake Village,Union Victory,33.26854722,-91.19270278,Wikidata Q2943315,"Maj. Gen. A.J. Smith ordered Brig. Gen. Joseph A. Mower to demonstrate against Lake Village. Mower camped near Sunnyside Landing on the evening of June 5 and took up his line of march again the next morning. The skirmishing Confederates fell back to Red Leaf where Col. Colton Greene and his men were encamped. As the Federals advanced, Greene’s men, assisted by artillery, fought a delaying action at Ditch Bayou and then withdrew to Parker's landing on Bayou Mason. The Union troops advanced to Lake Village, camped there overnight, and the next day rejoined the flotilla on the Mississippi River a"
CO001,Sand Creek,Chivington Massacre,CO,10/29/1864,10/29/1864,Sand Creek Campaign,Union Victory,39.7846689,-104.9033536,"OpenStreetMap: Sand Creek, Commerce City, Adams County, Colorado, United States","Scattered Indian raids had caused much ill-will between the white settlers and the Native Americans. In the autumn, Territorial (Colorado) officers had offered a vague amnesty if Indians reported to army forts. Black Kettle with many Cheyennes and a few Arapahos, believing themselves to be protected, established a winter camp about 40 miles from Fort Lyon. On November 29, Col. John Chivington, who advocated Indian extermination, arrived near the camp, having marched there from Fort Lyon. In spite of the American flag and a white flag flying over the camp, the troops attacked, killing and mutil"
DC001,Fort Stevens,Washington,DC,7/11/1864,7/12/1864,Early's Raid and Operations Against B&O RR,Union Victory,38.9641,-77.0288,Wikidata Q1626369,"On July 11, Lt. Gen. Jubal A. Early’s exhausted Confederates reached the outskirts of Washington near Silver Spring. Skirmishers advanced to feel the fortifications which at the time were manned only by Home Guards, clerks, and convalescent troops. During the night, veteran units from the Union VI Corps disembarked from troop transports and marched north through the streets of Washington to bolster the defenses. On July 12, Early was finally in position to make a strong demonstration, which was repulsed by the veteran Union troops. In the afternoon, VI Corps units sortied against the Confedera"
FL001,Santa Rosa Island,,FL,10/9/1861,10/9/1861,Operations of Gulf Blockading Squadron,Union Victory,30.3242,-87.2817,Wikidata Q2355732,"After midnight on October 9, Brig. Gen. Richard Anderson crossed from the mainland to Santa Rosa Island with 1,200 men in two small steamers to surprise Union camps and capture Fort Pickens. He landed on the north beach about four miles east of Fort Pickens and divided his command into three columns. After proceeding about three miles, the Confederates surprised the 6th Regiment, New York Volunteers, in its camp and routed the regiment. Gen. Anderson then adopted a defensive stance to entice the Federals to leave the fort and attack. Receiving reinforcements, Col. Harvey Brown sallied against "
FL002,Tampa,,FL,6/30/1862,7/1/1862,Union Operations Against Tampa,Confederate Victory,27.9415,-82.4559,Wikidata Q2067472,"On June 30, a Union gunboat came into Tampa Bay, turned her broadside on the town, and opened her ports. The gunboat then dispatched a launch carrying 20 men and a lieutenant under a flag of truce demanding the surrender of Tampa. The Confederates refused, and the gunboat opened fire. The officer then informed the Confederates that shelling would commence at 6:00 pm after allowing time to evacuate non-combatants from the city. Firing continued sporadically into the afternoon of July 1, when the Federal gunboat withdrew."
FL003,Saint John's Bluff,,FL,10/1/1862,10/3/1862,"Expedition From Hilton Head, SC to St. John Bluff,",Union Victory,30.3852,-81.4998,Wikidata Q2134266,"Brig. Gen. John Finegan established a battery on St. John’ s Bluff near Jacksonville to stop the movement of Federal ships up the St. Johns River. Brig. Gen. John M. Brannan embarked with about 1,500 infantry aboard the transports Boston, Ben DeFord, Cosmopolitan, and Neptune at Hilton Head, South Carolina, on September 30. The flotilla arrived at the mouth of the St. John’ s River on October 1, where Cdr. Charles Steedman’ s gunboats’Paul Jones, Cimarron, Uncas, Patroon, Hale, and Water Witch’joined them. By midday, the gunboats approached the bluff, while Brannan began landing troops at Mayp"
FL004,Fort Brooke,,FL,10/16/1863,10/18/1863,Expedition to Destroy Ships in Hillsboro River,Union Victory,28.015468,-82.464423,Wikidata Q2098132,"Two Union ships bombarded Fort Brooke on October 16 as a diversion, while a landing party under Acting Master T.R. Harris disembarked at Ballast Point and marched 14 miles to the Hillsborough River to capture several steamers. Harris and his men surprised and captured the blockade running steamer Scottish Chief and sloop Kate Dale. The Rebels destroyed the steamer A.B. Noyes to preclude her capture. On its way back to the ship, Harris’s force was surprised by a detachment of the garrison, causing casualties."
FL005,Olustee,Ocean Pond,FL,2/20/1864,2/20/1864,Florida Expedition,Confederate Victory,30.214233333,-82.388588888,Wikidata Q2512802,"In February 1864, the commander of the Department of the South, Maj. Gen. Quincy A. Gillmore, launched an expedition into Florida to secure Union enclaves, sever Rebel supply routes, and recruit black soldiers. Brig. Gen. Truman Seymour moved deep into the state, occupying, destroying, and liberating, meeting little resistance on February 20, he approached Brig. Gen. Joseph Finegan’s 5,000 Confederates entrenched near Olustee. One infantry brigade pushed out to meet Seymour’s advance units. The Union forces attacked but were repulsed. The battle raged, and as Finegan committed the last of his "
FL006,Natural Bridge,,FL,3/6/1865,3/6/1865,Operations in the Vicinity of St Mark's Florida,Confederate Victory,30.283888888,-84.151944444,Wikidata Q2611018,"Maj. Gen. John Newton had undertaken a joint force expedition to engage and destroy Confederate troops that had attacked at Cedar Keys and Fort Myers and were allegedly encamped somewhere around St. Marks. The Navy had trouble getting its ships up the St. Marks River. The Army force, however, had advanced and, after finding one bridge destroyed, started before dawn on March 6 to attempt to cross the river at Natural Bridge. The troops initially pushed Rebel forces back but not away from the bridge. Confederate forces, protected by breastworks, guarded all of the approaches and the bridge itsel"
GA001,Fort Pulaski,,GA,4/10/1862,4/11/1862,Operations Against Fort Pulaski,Union Victory,32.02729,-80.89096,Wikidata Q2284279,"Fort Pulaski, built by the U.S. Army before the war, is located near the mouth of the Savannah River, blocking upriver access to Savannah. Fortifications such as Pulaski, called third system forts, were considered invincible, but the new technology of rifled artillery changed that. On February 19, 1862, Brig. Gen. Thomas W. Sherman ordered Captain Quincy A. Gillmore, an engineer officer, to take charge of the investment force and begin the bombardment and capture of the fort. Gillmore emplaced artillery on the mainland southeast of the fort and began the bombardment on April 10 after Colonel C"
GA002,Fort Mcallister I,,GA,2/27/1863,3/3/1863,Union Naval Attacks on Fort McAllister,Confederate Victory,31.8888,-81.1941,Wikidata Q3477165,"Rear Adm. Samuel F. Du Pont [US] ordered three ironclads, Patapsco, Passaic, and Nahant, to test their guns and mechanical appliances and practice artillery firing by attacking Fort McAllister, then a small three-gun earthwork battery. On March 3, 1863, the three ironclads conducted an eight-hour bombardment. The bombardment did not destroy the battery but did some damage, while the three ironclads received some scratches and dents. The tests were helpful for knowledge and experience gained, but the fort did not fall, showing that the ironclads’ firepower could not destroy an earthen fort."
GA003,Davis' Cross Roads,Dug Gap,GA,9/10/1863,9/11/1863,Chickamauga Campaign,Union Victory (strategic),,,,"After the Tullahoma Campaign, Rosecrans renewed his offensive, aiming to force the Rebels out of Chattanooga. The three corps comprising Rosecrans’s army split and set out for Chattanooga by separate routes. Hearing of the Union advance, Braxton Bragg concentrated troops around Chattanooga. While Col. John T. Wilder’s artillery fired on Chattanooga, Rosecrans attempted to take advantage of Bragg’s situation and ordered other troops into Georgia. They raced forward, seized the important gaps, and moved out into McLemore’s Cove. Negley’s XIV Army Corps division, supported by Brig. Gen. Absalom B"
GA004,Chickamauga,,GA,9/18/1863,9/20/1863,Chickamauga Campaign,Confederate Victory,34.917777777,-85.260555555,Wikidata Q1327790,"After the Tullahoma Campaign, Rosecrans renewed his offensive, aiming to force the Confederates out of Chattanooga. The three army corps comprising Rosecrans’ s army split and set out for Chattanooga by separate routes. In early September, Rosecrans consolidated his forces scattered in Tennessee and Georgia and forced Bragg’s army out of Chattanooga, heading south. The Union troops followed it and brushed with it at Davis’ Cross Roads. Bragg was determined to reoccupy Chattanooga and decided to meet a part of Rosecrans’s army, defeat them, and then move back into the city. On the 17th he heade"
GA005,Ringgold Gap,Taylor's Ridge,GA,11/27/1863,11/27/1863,Chattanooga-Ringgold Campaign,Confederate Victory,34.9112,-85.1015,Wikidata Q2889788,"Following the Union victory at Missionary Ridge and the Rebel retreat, Yankee troops set out in pursuit. Maj. Gen. Patrick Cleburne’s command fell back to Ringgold Gap where the Western & Atlantic Railroad passed through Taylor’s Ridge. Maj. Gen. Joseph B. Hooker sent his force forward to seize the ridge, which it failed to do after five hours of heavy fighting."
GA006,Dalton I,,GA,2/22/1864,2/27/1864,Forrest's Expedition Into West Tennessee and Kentu,Confederate Victory,34.7889,-84.9807,Wikidata Q3477162,"From Vicksburg, Mississippi, Sherman launched a campaign to take the important railroad center at Meridian and, if the situation was favorable, to push on to Selma and threaten Mobile, in order to prevent the shipment of Confederate men and supplies. To counter the threat, Confederate President Jefferson Davis ordered troops into the area. While these operations unfolded, Thomas determined to probe Gen. Johnston’s army in the hope that Johnston’s loss of two divisions, sent to reinforce Lt. Gen. Leonidas Polk as he withdrew from Meridian to Demopolis, Alabama, would make him vulnerable. Skirmi"
GA007,Rocky Face Ridge,"Combats at Buzzard Roost, Mill Creek, Dug Gap",GA,5/7/1864,5/13/1864,Morgan's Raid Into Kentucky,Union Victory,34.74105,-85.01568,Wikidata Q3072453,"Gen. Joseph E. Johnston had entrenched his army on the long, high mountain of Rocky Face Ridge and eastward across Crow Valley. As Maj. Gen. William T. Sherman approached, he decided to demonstrate against the position with two columns while he sent a third one through Snake Creek Gap, to the right, to hit the Western & Atlantic Railroad at Resaca. The two columns engaged the enemy at Buzzard Roost (Mill Creek Gap) and at Dug Gap. In the meantime, the third column, under Maj. Gen. James Birdseye McPherson, passed through Snake Creek Gap and on the 9th advanced to the outskirts of Resaca where "
GA008,Resaca,Lay's Ferry,GA,5/13/1864,5/15/1864,Morgan's Raid Into Kentucky,Indecisive,34.5815,-84.9385,Wikidata Q2615826,"Gen. Joseph E. Johnston had withdrawn from Rocky Face Ridge to the hills around Resaca. On the 13th, the Union troops tested the Rebel lines to pinpoint their whereabouts. The next day full scale fighting occurred, and the Union troops were generally repulsed except on the Rebel right flank where Sherman did not fully exploit his advantage. On the 15th, the battle continued with no advantage to either side until Sherman sent a force across the Oostanula River, at Lay’s Ferry, towards Johnston’s railroad supply line. Unable to halt this Union movement, Johnston was forced to retire."
GA009,Adairsville,,GA,5/17/1864,5/17/1864,Morgan's Raid Into Kentucky,Confederate Victory,34.4083,-84.9389,Wikidata Q2615801,"Following the Battle of Resaca, May 13-15, Gen. Joseph E. Johnston’ s army retreated southward while Sherman pursued. Failing to find a good defensive position south of Calhoun, Johnston continued to Adairsville while the Rebel cavalry fought a skillful rearguard action. On the 17th, skirmish fire continued throughout the day and into the early evening. Maj. Gen. O.O. Howard’s IV Corps ran into entrenched infantry of Lt. Gen. William J. Hardee’ s corps, while advancing, about two miles north of Adairsville. The 44th Illinois and 24th Wisconsin (under the command of Maj. Arthur MacArthur, fathe"
GA010,New Hope Church,,GA,5/25/1864,6/5/1864,Morgan's Raid Into Kentucky,Confederate Victory,33.961,-84.7875,Wikidata Q2889502,"After Johnston retreated to Allatoona Pass on May 19-20, Sherman decided that he would most likely pay dearly for attacking Johnston there, so he determined to move around Johnston’s left flank and steal a march toward Dallas. Johnston anticipated Sherman’s move and met the Union forces at New Hope Church. Sherman mistakenly surmised that Johnston had a token force and ordered Maj. Gen. Joseph Hooker’s corps to attack. This corps was severely mauled. On the 26th, both sides en-trenched, and skirmishing continued throughout the day. Actions the next day in this area are discussed under Pickett’"
GA011,Dallas,"New Hope Church, Pumpkin Creek",GA,5/28/1864,6/28/1864,Morgan's Raid Into Kentucky,Union Victory,33.92,-84.87,Wikidata Q2888382,"Johnston’s army fell back from the vicinity of Cassville-Kinston, first to Allatoona Pass and then to the Dallas area and entrenched. Sherman’s army tested the Rebel line while entrenching themselves. The Battle of Dallas occurred on May 28 when Lt. Gen. William J. Hardee’s corps probed the Union defensive line, held by Maj. Gen. John A. Logan’s Army of the Tennessee corps, to exploit any weakness or possible withdrawal. Fighting ensued at two different points, but the Rebels were repulsed, suffering high casualties. Sherman continued looking for a way around Johnston’s line, and, on June 1, h"
GA012,Pickett's Mill,"New Hope, New Hope Church",GA,5/27/1864,5/27/1864,Morgan's Raid Into Kentucky,Confederate Victory,33.975,-84.759,Wikidata Q4872040,"After the Union defeat at New Hope Church, Maj. Gen. William T. Sherman ordered Maj. Gen. O.O. Howard to attack Gen. Joseph E. Johnston’ s seemingly exposed right flank. The Confederates were ready for the attack, which did not unfold as planned because supporting troops never appeared. The Rebels repulsed the attack causing high casualties."
GA013,Marietta Operations,"Pine Hill, Pine Mountain, Gilgal Creek, Noonday Creek, Ruff's Mill, Lost Mountain, Mcaffee's Cross Road, Mud Creek, Neal Dow Station, Rottenwood Creek",GA,6/10/1864,7/3/1864,Morgan's Raid Into Kentucky,Union Victory,33.94,-84.58,Wikidata Q4871906,"During the Atlanta Campaign, Sherman maneuvered Johnston's Confederate army out of several successive defensive positions in Cobb County. This strategy spared the Union army from making costly frontal attacks on the well-situated Confederates. Sherman first found Johnston's army entrenched in the Marietta area on June 9. The Confederate's had established defensive lines along Brushy, Pine, and Lost Mountains. Sherman extended his forces beyond the Confederate lines, causing a partial Rebel withdrawal to another line of positions. After further pressure and skirmishing from Union forces, Johnst"
GA014,Kolb's Farm,,GA,6/22/1864,6/22/1864,Morgan's Raid Into Kentucky,Union Victory,33.94,-84.58,Wikidata Q4871474,"On the night of June 18-19, Gen. Joseph E. Johnston, fearing envelopment, moved his army to a new, previously selected position astride Kennesaw Mountain, an entrenched arc-shaped line to the west of Marietta, to protect his supply line, the Western & Atlantic Railroad. Having encountered entrenched Rebels astride Kennesaw Mountain stretching southward, Sherman fixed them in front and extended his right wing to envelop their flank and menace the railroad. Joe Johnston countered by moving John B. Hood’s corps from the left flank to the right on June 22. Arriving in his new position at Mt. Zion "
GA015,Kennesaw Mountain,,GA,6/27/1864,6/27/1864,Morgan's Raid Into Kentucky,Confederate Victory,33.96899,-84.58134,Wikidata Q2570177,"On the night of June 18-19, Gen. Joseph E. Johnston, fearing envelopment, withdrew his army to a new, previously selected position astride Kennesaw Mountain. This entrenched arc-shaped line, to the north and west of Marietta, protected the Western & Atlantic Railroad, the supply link to Atlanta. Having defeated General John B. Hood troops at Kolb’s Farm on the 22nd, Sherman was sure that Johnston had stretched his line too thin and, therefore, decided on a frontal attack with some diversions on the flanks. On the morning of June 27, Sherman sent his troops forward after an artillery bombardmen"
GA016,Peachtree Creek,,GA,7/20/1864,7/20/1864,Morgan's Raid Into Kentucky,Union Victory,33.8109,-84.4038,Wikidata Q636670,"Under Gen. Joseph E. Johnston, the Army of Tennessee had retired south of Peachtree Creek, an east to west flowing stream, about three miles north of Atlanta. Sherman split his army into three columns for the assault on Atlanta with George H. Thomas’s Army of the Cumberland moving from the north. Johnston had decided to attack Thomas, but Confederate President Jefferson Davis relieved him of command and appointed John B. Hood to take his place. Hood attacked Thomas after his army crossed Peachtree Creek. The determined assault threatened to overrun the Union troops at various locations. Ultima"
GA017,Atlanta,,GA,7/22/1864,7/22/1864,Morgan's Raid Into Kentucky,Union Victory,33.7459,-84.3488,Wikidata Q2374330,"Following the Battle of Peachtree Creek, Hood determined to attack Maj. Gen. James B. McPherson’s Army of the Tennessee. He withdrew his main army at night from Atlanta’ s outer line to the inner line, enticing Sherman to follow. In the meantime, he sent William J. Hardee with his corps on a fifteen-mile march to hit the unprotected Union left and rear, east of the city. Wheeler’s cavalry was to operate farther out on Sherman’s supply line, and Gen. Frank Cheatham’s corps were to attack the Union front. Hood, however, miscalculated the time necessary to make the march, and Hardee was unable to"
GA018,Ezra Church,Battle of the Poor House,GA,7/28/1864,7/28/1864,Morgan's Raid Into Kentucky,Union Victory,33.752777777,-84.439166666,Wikidata Q4870993,"Earlier, Maj. Gen. William T. Sherman’s forces had approached Atlanta from the east and north. Hood had not defeated them, but he had kept them away from the city. Sherman now decided to attack from the west. He ordered the Army of the Tennessee, commanded by Maj. Gen. O.O. Howard, to move from the left wing to the right and cut Hood’s last railroad supply line between East Point and Atlanta. Hood foresaw such a maneuver and determined to send the two corps of Lt. Gen. Stephen D. Lee and Lt. Gen. Alexander P. Stewart to intercept and destroy the Union force. Thus, on the afternoon of July 28, "
GA019,Utoy Creek,,GA,8/5/1864,8/7/1864,Morgan's Raid Into Kentucky,Indecisive,33.7209,-84.4704,Wikidata Q12336018,"After failing to envelop Hood’s left flank at Ezra Church, Sherman still wanted to extend his right flank to hit the railroad between East Point and Atlanta. He transferred John M. Schofield’ s Army of the Ohio from his left to his right flank and sent him to the north bank of Utoy Creek. Although Schofield’s troops were at Utoy Creek on August 2, they, along with the XIV Corps, Army of the Cumberland, did not cross until the 4th. Schofield’s force began its movement to exploit this situation on the morning of the 5th, which was initially successful. Schofield then had to regroup his forces, w"
GA020,Dalton II,,GA,8/14/1864,8/15/1864,Morgan's Raid Into Kentucky,Union Victory,34.7889,-84.9807,Wikidata Q3477162,"Maj. Gen. Joseph Wheeler and his cavalry raided into North Georgia to destroy railroad tracks and supplies. They approached Dalton in the late afternoon of August 14 and demanded the surrender of the garrison. The Union commander, Col. Bernard Laibolt, refused to surrender and fighting ensued. Greatly outnumbered, the Union garrison retired to fortifications on a hill outside the town where they successfully held out, although the attack continued until after midnight. Skirmishing continued throughout the night. Around 5:00 am, on the 15th, Wheeler retired and became engaged with relieving inf"
GA021,Lovejoy's Station,,GA,8/20/1864,8/20/1864,Morgan's Raid Into Kentucky,Confederate Victory,33.4441,-84.3084,Wikidata Q4871607,"While Confederate Maj. Gen. Joseph Wheeler was absent raiding Union supply lines from North Georgia to East Tennessee, Maj. Gen. William Sherman, unconcerned, sent Judson Kilpatrick to raid Rebel supply lines. Leaving on August 18, Kilpatrick hit the Atlanta & West Point Railroad that evening, tearing up a small area of tracks. Next, Kilpatrick headed for Lovejoy’s Station on the Macon & Western Railroad. In transit, on the 19th, Kilpatrick’s men hit the Jonesborough supply depot on the Macon & Western Railroad, burning great amounts of supplies. On the 20th, they reached Lovejoy’s Station and"
GA022,Jonesborough,,GA,8/31/1864,9/1/1864,Morgan's Raid Into Kentucky,Union Victory,33.5307,-84.3621,Wikidata Q2333674,"Sherman had successfully cut Hood’s supply lines in the past by sending out detachments, but the Confederates quickly repaired the damage. In late August, Sherman determined that if he could cut Hood’s supply lines’the Macon & Western and the Atlanta & West Point Railroads’the Rebels would have to evacuate Atlanta. Sherman, therefore, decided to move six of his seven infantry corps against the supply lines. The army began pulling out of its positions on August 25 to hit the Macon & Western Railroad between Rough and Ready and Jonesborough. To counter the move, Hood sent Lt. Gen. William J. Har"
GA023,Allatoona,,GA,10/5/1864,10/5/1864,Savannah Campaign,Union Victory,34.116,-84.716,Wikidata Q2887827,"After the fall of Atlanta, Hood moved northward to threaten the Western & Atlantic Railroad, Sherman’s supply line. He attacked a number of minor garrisons and damaged track during October 2-4. Sherman sent reinforcements’John M. Corse’s brigade’to Allatoona just before the Rebels attacked there. Maj. Gen. Samuel G. French’s Confederate division arrived near Allatoona at sunrise on the 5th. After demanding a surrender and receiving a negative reply, French attacked. The Union outer line survived a sustained two and a half hour attack, but then fell back and regrouped in an earthen ’Star’ fort "
GA024,Dalton III,Whitfield,GA,10/13/1864,10/13/1864,,Confederate Victory,34.7889,-84.9807,Wikidata Q3477162,"In late September following the fall of Atlanta, CS General Hood headed north, striking the Federals' supply line, the Western & Atlantic Railroad, and the small garrisons that guarded it. At Allatoona on October 5 the garrison held out in a fierce contest. Hood bypassed Resaca because its fortifications were too strong and marched on to Dalton. On October 15 US General Schofield barely escaped by rail before the Confederates surrounded the town. CS Major General William Bate's soldiers captured the garrison, 751 men of the U. S. 44th Colored Infantry commanded by US Colonel Lewis Johnson. The"
GA025,Griswoldville,,GA,11/22/1864,11/22/1864,Breckenridge's Advance into East Tennessee,Union Victory,32.869306739,-83.459880822,Wikidata Q2888696,"Brig. Gen. Charles Walcutt was ordered to make a demonstration, with the six infantry regiments and one battery that comprised his brigade, toward Macon to ascertain the disposition of enemy troops in that direction. He set out on the morning of November 22, and after a short march he ran into some of Maj. Gen. Joseph Wheeler’s cavalry and drove them beyond Griswoldville. Having accomplished his mission, Walcutt retired to a position at Duncan’s Farm and fortified it with logs and rails to meet an expected Rebel attack force composed of three brigades of Georgia State Militia. The Georgia Mili"
GA026,Buck Head Creek,,GA,11/28/1864,11/28/1864,Breckenridge's Advance into East Tennessee,Indecisive,32.8991,-82.0255,Wikidata Q4870583,"As Sherman’s infantry marched southeast through Georgia, his cavalry, under Brig. Gen. Judson Kilpatrick moved northeastward, on November 24, 1864, to destroy the railroad midway between Augusta and Millen, burn the trestle near Briar Creek and, if possible, release Union prisoners confined at Camp Lawton, near Millen, while feigning a drive towards Augusta. Confederate Maj. Gen. Joseph Wheeler was fooled and concentrated his cavalry forces around Augusta. When Kilpatrick did not show, Wheeler realized his mistake and rode off in an attempt to catch his Union counterpart. On the 26th, Wheeler "
GA027,Waynesborough,,GA,12/4/1864,12/4/1864,Breckenridge's Advance into East Tennessee,Union Victory,33.9878663,-84.4342836,"OpenStreetMap: Waynesborough Court Northeast, Cobb County, Georgia, 30068, United States","As Sherman’s infantry marched southeast through Georgia, his cavalry under Brig. Gen. Judson Kilpatrick rode northeastward. He set out on the morning of December 4 to attack Waynesborough and destroy Joseph Wheeler’s cavalry command. That morning Kilpatrick’s men advanced, driving the Rebel skirmishers in front of them. The Union force then came up against a defensive line of barricades which they eventually overran. As the Union advance continued, they met more barricades which required time to overcome. Finally, the Confederates fell back to a final line of barricades within the town. After "
GA028,Fort Mcallister II,,GA,12/13/1864,12/13/1864,Breckenridge's Advance into East Tennessee,Union Victory,31.8888,-81.1941,Wikidata Q3477165,"As Sherman’ s troops approached Savannah they sorely required supplies. Sherman determined that if he could take Fort McAllister, supply ships could reach him. Thus, he ordered Maj. Gen. O.O. Howard, commander of his right wing, to take the fort. Howard chose Brig. Gen. William B. Hazen to accomplish the task. Hazen, in the afternoon of December 13, had his men in line for the attack. Upon giving the order to attack, his men rushed forward through the various obstacles prepared for them, entered the fort, and captured it. With his supply line open, Sherman could now prepare for the siege and c"
ID001,Bear River,Massacre at Boa Ogoi,ID,1/29/1863,1/29/1863,Expedition From Camp Douglas Utah to Cache Valley,Union Victory,42.2416734,-111.2741134,"OpenStreetMap: Bear River, Bear Lake County, Idaho, 83233, United States","Shoshoni raids under Chief Bear Hunter during the winter of 1862-63 provoked Federal retaliation. Troops under Col. Patrick E. Connor set out from Ft. Douglas, Utah, in the deep snow of January 1863 towards Chief Bear Hunter’s camp, 120 miles north near present-day Preston, Idaho. The Native American camp included about 300 Shoshoni warriors defensively placed in the Battle Creek ravine west of Bear River with high embankments in which the Indians had cut access trails. Shortly after dawn on January 29, Connor’s troops appeared across the river and began crossing. Before all of the men had cro"
IN001,Corydon,,IN,7/9/1863,7/9/1863,Morgan's Raid in Kentucky Indiana and Ohio,Confederate Victory,38.2,-86.13,Wikidata Q2392704,"On July 2, 1863, Brig. Gen. Morgan, with about 2,450 hand-picked cavalrymen, rode into Kentucky to disrupt the communications of the Union Army of the Cumberland, which began its operations against Bragg’s Army of Tennessee (Tullahoma Campaign) on June 23. Crossing the Cumberland River at Burkesville, Morgan’s column advanced to the Green River where it was deflected by a Union regiment at Tebb’s Bend on July 4. Morgan surprised and captured the garrison at Lebanon, Kentucky, then rode via Springfield, Bardstown, and Garnettsville. On July 8, Morgan crossed the Ohio River at Mauckport, Indiana"
KS001,Lawrence,Lawrence Massacre,KS,8/21/1863,8/21/1863,Quantrill's Raid Into Kansas,Confederate Victory,38.96427,-95.2359,Wikidata Q460143,"In a supposed retaliation for a Union raid on Osceola, Missouri, Lt. Col. William C. Quantrill led a force of about 300 to 400 partisans in an attack on the city of Lawrence, Kansas. His men killed civilians’men and boys’and destroyed many of the buildings. He held the town several hours and then withdrew. The ’Lawrence Massacre’ was, perhaps, the extreme example of the vicious Kansas-Missouri border warfare."
KS002,Baxter Springs,Baxter Springs Massacre,KS,10/6/1863,10/6/1863,Union Occupation of Indian Territory North OF Arka,Confederate Victory,37.0235753,-94.7352387,"OpenStreetMap: Baxter Springs, Cherokee County, Kansas, 66713, United States","After conducting many raids in Kansas, including the massacre at Lawrence, Quantrill decided to winter in Texas. Along with other partisans, he headed south on the Texas Road and captured and killed two Union teamsters who had come from a post called Baxter Springs. Quantrill decided to attack the post and divided his force into two columns, one under him and the other commanded by a subordinate, David Poole. Poole and his men proceeded down the Texas Road, where they encountered Union soldiers, most of whom were African Americans. They chased and attacked the Union troops, killing some of the"
KS003,Mine Creek,Battle of the Osage,KS,10/25/1864,10/25/1864,Price's Missouri Expedition,Union Victory,38.145,-94.723333333,Wikidata Q4871740,"About six miles south of Trading Post, where the Marais de Cygnes engagement had occurred, the brigades of Col. Frederick W. Benteen and Col. John F. Phillips, of Maj. Gen. Alfred Pleasonton’s Provisional Cavalry Division, overtook the Confederates as they were crossing Mine Creek. These Rebels, stalled by their wagons crossing the ford, had formed a line on the north side of Mine Creek. The Federals, although outnumbered, commenced the attack as additional troops from Pleasonton’s command arrived during the fight. They soon surrounded the Rebels, resulting in the capture of about 600 men and "
KS004,Marais Des Cygnes,"Battle of the Osage, Battle of Trading Post",KS,10/25/1864,10/25/1864,Price's Missouri Expedition,Union Victory,38.2552,-94.6783,Wikidata Q3854317,"Maj. Gen. Sterling Price led an expedition into Missouri which Union forces under Maj. Gen. Samuel R. Curtis and Maj. Gen. Alfred Pleasonton finally countered around Kansas City, Missouri. Price withdrew south, and Pleasonton, commanding in the field, pursued him into Kansas and fought him at Marais des Cygnes. After an artillery bombardment that began at 4:00 am, Pleasonton’s men attacked furiously. Although outnumbered, they hit the Rebel line, forcing them to withdraw."
KY001,Barbourville,,KY,9/19/1861,9/19/1861,Confederate Offensive In Eastern Kentucky,Confederate Victory,36.86111111,-83.87944444,Wikidata Q2640011,"Kentucky Union sympathizers had trained recruits at Camp Andrew Johnson, in Barbourville, throughout the summer of 1861. Confederate Brig. Gen. Felix Zollicoffer entered Kentucky in mid-September intending to relieve pressure on Gen. Albert Sidney Johnston and his troops by conducting raids and generally constituting a threat to Union forces and sympathizers in the area. On September 18, 1861, he dispatched a force of about 800 men under command of Col. Joel A. Battle to disrupt the training activities at Camp Andrew Johnson. At daylight on the 19th, the force entered Barbourville and found th"
KY002,Camp Wildcat,Wildcat Mountain,KY,10/21/1861,10/21/1861,Confederate Offensive In Eastern Kentucky,Union Victory,37.2634,-84.1996,Wikidata Q2143840,"Brig. Gen. Felix Zollicoffer’s men occupied Cumberland Gap and took position at Cumberland Ford to counter the Unionist activity in the area. Brig. Gen. George H. Thomas sent a detachment under Col. T.T. Garrard to secure the ford on the Rockcastle River, establish a camp at Wildcat Mountain, and obstruct the Wilderness road passing through the area. Col. Garrard informed Thomas that if he did not receive reinforcements, he would have to retreat because he was outnumbered seven to one. Thomas sent Brig. Gen. A. Schoepf with what amounted to a brigade of men to Col. Garrard, bringing the total "
KY003,Ivy Mountain,"Ivy Creek, Ivy Narrows",KY,11/8/1861,11/9/1861,Confederate Offensive In Eastern Kentucky,Indecisive,,,,"While recruiting in southeast Kentucky, Rebels under Col. John S. Williams ran short of ammunition at Prestonsburg and fell back to Pikeville to replenish their supply. Brig. Gen. William Nelson sent out a detachment from near Louisa under Col. Joshua Sill while he started out from Prestonsburg with a larger force in an attempt to ’turn or cut the Rebels off.’ Williams prepared for evacuation, hoping for time to reach Virginia, and sent out a cavalry force to meet Nelson about eight miles from Pikeville. The Rebel cavalry escaped, and Nelson continued on his way. Williams then met Nelson at a "
KY004,Rowlett's Station,"Woodsonville, Green River",KY,12/17/1861,12/17/1861,Confederate Offensive In Eastern Kentucky,Indecisive,37.2498,-85.8935,Wikidata Q2430417,"After Brig. Gen. Don Carlos Buell took command of the Department of the Ohio in early November, he attempted to consolidate control by organizing and sending troops into the field. He ordered Brig. Gen. Alexander McD. McCook, commanding the 2nd Division, to Nolin, Kentucky. In the meantime, the Confederates had established a defensive line along the Green River near Munfordville. McCook launched a movement towards the enemy lines on December 10, which the Rebels countered by partially destroying the Louisville & Nashville Railroad bridge over the Green River. As a result, the Union sent two co"
KY005,Middle Creek,,KY,1/10/1862,1/10/1862,Thomas's Offensive in Eastern Kentucky,Indecisive,37.6507,-82.8147,Wikidata Q2555905,"More than a month after Confederate Col. John S. Williams left Kentucky, following the fight at Ivy Mountain, Brig. Gen. Humphrey Marshall led another force into southeast Kentucky to continue recruiting activities. From his headquarters in Paintsville, on the Big Sandy River, northwest of Prestonsburg, Marshall recruited volunteers and had a force of more than 2,000 men by early January, but could only partially equip them. Union Brig. Gen. Don Carlos Buell directed Col. James Garfield to force Marshall to retreat back into Virginia. Leaving Louisa, Garfield took command of the 18th Brigade a"
KY006,Mill Springs,"Logan's Cross-Roads, Fishing Creek",KY,1/19/1862,1/19/1862,Thomas's Offensive in Eastern Kentucky,Union Victory,37.0562,-84.7383,Wikidata Q2018804,"Although Brig. Gen. Felix K. Zollicoffer’s main responsibility was to guard Cumberland Gap, in November 1861 he advanced west into Kentucky to strengthen control in the area around Somerset. He found a strong defensive position at Mill Springs and decided to make it his winter quarters. He fortified the area, especially both sides of the Cumberland River. Union Brig. Gen. George Thomas received orders to drive the Rebels across the Cumberland River and break up Maj. Gen. George B. Crittenden’s army. He left Lebanon and slowly marched through rain-soaked country, arriving at Logan’s Crossroads "
KY007,Richmond,,KY,8/29/1862,8/30/1862,Confederate Heartland Offensive,Confederate Victory,32.386,-91.208,Wikidata Q2404660,"In Maj. Gen. Kirby Smith’s 1862 Confederate offensive into Kentucky, Brig. Gen. Patrick R. Cleburne led the advance with Col. John S. Scott’s cavalry out in front. The Rebel cavalry, while moving north from Big Hill on the road to Richmond, Kentucky, on August 29, encountered Union troopers and began skirmishing. After noon, Union artillery and infantry joined the fray, forcing the Confederate cavalry to retreat to Big Hill. At that time, Brig. Gen. Mahlon D. Manson, who commanded Union forces in the area, ordered a brigade to march to Rogersville, toward the Rebels. Fighting for the day stopp"
KY008,Munfordville,Green River Bridge,KY,9/14/1862,9/17/1862,Confederate Heartland Offensive,Confederate Victory,37.2622,-85.8901,Wikidata Q2904764,"In the 1862 Confederate offensive into Kentucky, Gen. Braxton Bragg’s army left Chattanooga, Tennessee, in late August. Followed by Maj. Gen. Don Carlos Buell’s Union Army, Bragg approached Munfordville, a station on the Louisville & Nashville Railroad and the location of the railroad bridge crossing Green River, in mid-September. Col. John T. Wilder commanded the Union garrison at Munfordville which consisted of three regiments with extensive fortifications. Wilder refused Brig. Gen. James R. Chalmers’s demand to surrender on the 14th. Union forces repulsed Chalmers’s attacks on the 14th, for"
KY009,Perryville,,KY,10/8/1862,10/8/1862,Confederate Heartland Offensive,Union Victory (strategic),37.6752,-84.9711,Wikidata Q1631029,"Confederate Gen. Braxton Bragg’s autumn 1862 invasion of Kentucky had reached the outskirts of Louisville and Cincinnati, but he was forced to retreat and regroup. On October 7, the Federal army of Maj. Gen. Don Carlos Buell, numbering nearly 55,000, converged on the small crossroads town of Perryville, Kentucky, in three columns. Union forces first skirmished with Rebel cavalry on the Springfield Pike before the fighting became more general, on Peters Hill, as the grayclad infantry arrived. The next day, at dawn, fighting began again around Peters Hill as a Union division advanced up the pike"
KY010,Paducah,,KY,3/25/1864,3/25/1864,Atlanta Campaign,Confederate Victory,37.0931,-88.6058,Wikidata Q2195153,"In March 1864, Forrest set out from Columbus, Mississippi, with a force of less than 3,000 men on a multipurpose expedition (recruit, reoutfit, disperse Yankees, etc.) into West Tennessee and Kentucky. Forrest arrived in Paducah on March 25 and quickly occupied the town. The Union garrison of 650 men under the command of Col. Stephen G. Hicks retired to Fort Anderson, in the town’s west end. Hicks had support from two gunboats on the Ohio River and refused to surrender, while shelling the area with his artillery. Most of Forrest’s command destroyed unwanted supplies, loaded what they wanted, a"
KY011,Cynthiana,Kellar's Bridge,KY,6/11/1864,6/12/1864,Forrest's Defense Of Mississippi,Union Victory,38.407,-84.3056,Wikidata Q4870819,"Brig. Gen. Morgan approached Cynthiana with 1,200 men, on June 11, 1864, at dawn. Col. Conrad Garis, with the 168th Regiment Ohio Volunteer Infantry and some home guard troops, about 300 men altogether, constituted the Union forces at Cynthiana. Morgan divided his men into three columns, surrounded the town and launched an attack at the covered bridge, driving the Union forces back towards the depot and north along the railroad. The Rebels set fire to the town, destroying many buildings and some of the Union troops. As the fighting flared in Cynthiana, another Union force, about 750 men of the"
LA001,Forts Jackson and Saint Philip,,LA,4/18/1862,4/28/1862,Expedition to and Capture of New Orleans,Union Victory,,,,"Early Union plans had called for the division of the Confederacy by seizing control of the Mississippi River. One of the first steps in such operations was to enter the mouth of the Mississippi River, ascend to New Orleans and capture the city, closing off the entrance to Rebel ships. In mid-January 1862, Flag-Officer David G. Farragut undertook this enterprise with his West Gulf Blockading Squadron. The way was soon open except for the two forts, Jackson and St. Philip, above the Head of the Passes, approximately seventy miles below New Orleans. In addition to the forts and their armament, th"
LA002,New Orleans,,LA,4/25/1862,5/1/1862,Expedition to and Capture of New Orleans,Union Victory,29.9575,-90.06305556,Wikidata Q2700708,"Following the passage of forts Jackson and St. Philip, near the mouth of the Mississippi River, on April 24, 1862, the Union occupation of New Orleans was inevitable. Union Flag-Officer David G. Farragut, with his squadron, continued up the Mississippi River and demanded the surrender of the City of New Orleans the next day. The city surrendered on April 28. On May 1, Maj. Gen. Benjamin Franklin Butler’s army began landing at New Orleans and occupying the city. New Orleans, considered an international city and the largest city in the Confederacy, had fallen. The Union occupation of New Orleans"
LA003,Baton Rouge,Magnolia Cemetery,LA,8/5/1862,8/5/1862,Confederate Offensive Against Baton Rouge,Union Victory,30.451,-91.1676,Wikidata Q3506821,"In an attempt to regain control of the state, Confederates wished to recapture the capital at Baton Rouge. Maj. Gen. John C. Breckinridge planned a combined land/water expedition with his corps and CSS Ram Arkansas. Advancing west from Camp Moore, the Confederate land forces, coming from the east, were only ten miles away on August 4. They reached the outskirts of the capital early in the morning, formed for an attack in two divisions, and began to drive back each Union unit they encountered. Then, Union gunboats in the river began shelling the Confederates. The Arkansas could have neutralized"
LA004,Donaldsonville I,,LA,8/9/1862,8/9/1862,Confederate Offensive Against Baton Rouge,Union Victory,30.10833333,-90.99138889,Wikidata Q1867306,"A number of incidents of artillery firing on Union steamers passing up and down the Mississippi River at Donaldsonville influenced the U.S. Navy to undertake a retaliatory attack. Rear Adm. David G. Farragut sent the town notice of his intentions and suggested that the citizens send the women and children away. He then anchored in front of the town and fired upon it with guns and mortars. Farragut also sent a detachment ashore that set fire to the hotels, wharf buildings, and the dwelling houses and other buildings of Capt. Phillippe Landry. Landry, thought to be the captain of the partisan un"
LA005,Georgia Landing,Labadieville,LA,10/27/1862,10/27/1862,Operations in Lafourche District,Union Victory,29.8604,-90.9811,Wikidata Q2395918,"Maj. Gen. Benjamin F. Butler, commanding Union forces in the Department of the Gulf, launched an expedition into the Bayou Lafourche region to eliminate the Rebel threat from that area, to make sure that sugar and cotton products from there would come into Union hands and, in the future, to use it as a base for other military operations. He organized a brigade of about 4,000 men under the command of his protege Brig. Gen. Godfrey Weitzel to accomplish the missions. On October 25, Weitzel and his men arrived at Donaldsonville, where the Lafourche meets the Mississippi, and began an advance up t"
LA006,Fort Bisland,Bethel Place,LA,4/12/1863,4/13/1863,Operations in West Louisiana,Union Victory,29.7101,-91.351,Wikidata Q2483596,"In April 1863, Maj. Gen. Nathaniel P. Banks launched an expedition up Bayou Teche in western Louisiana aimed at Alexandria. On April 9, two divisions crossed Berwick Bay from Brashear City to the west side at Berwick. On the 12th, a third division went up the Atchafalaya River to land in the rear of Franklin intending to intercept a Rebel retreat from Fort Bisland or turn the enemy’s position. Maj. Gen. Richard Taylor sent Col. Tom Green’s regiment to the front to ascertain the enemy’s strength and retard his advance. On the 11th, the Yankees began their advance in earnest. Late on the 12th, U"
LA007,Irish Bend,"Nerson's Woods, Franklin",LA,4/14/1863,4/14/1863,Operations in West Louisiana,Union Victory,29.8116,-91.4615,Wikidata Q2365622,"While the other two Union XIX Army Corps divisions comprising the expedition into West Louisiana moved across Berwick Bay towards Fort Bisland, Brig. Gen. Cuvier Grover’s division went up the Atchafalaya River into Grand Lake, intending to intercept a Confederate retreat from Fort Bisland or turn the enemy’s position. On the morning of April 13, the division landed in the vicinity of Franklin and scattered Rebel troops attempting to stop them from disembarking. That night, Grover ordered the division to cross Bayou Teche and prepare for an attack towards Franklin at dawn. In the meantime, Conf"
LA008,Vermillion Bayou,,LA,4/17/1863,4/17/1863,Operations in West Louisiana,Union Victory,30.1955,-92.0143,Wikidata Q2440681,"While Rear Adm. David G. Farragut remained above Port Hudson with USS Hartford and Albatross, Maj. Gen. Nathaniel P. Banks decided to go after Maj. Gen. Richard Taylor’s Confederate forces in western Louisiana. He moved by water to Donaldsonville and began a march to Thibodeaux up Bayou Lafourche. Banks beat Taylor at Fort Bisland and Irish Bend, forcing the Rebel army to retreat up the bayou. Taylor reached Vermillionville, crossed Vermillion Bayou, destroyed the bridge, and rested. Banks, in pursuit, sent two columns, on different roads, toward Vermillion Bayou on the morning of April 17. On"
LA009,Plains Store,Springfield Road,LA,5/21/1863,5/21/1863,Siege of Port Hudson,Union Victory,30.69,-91.206,Wikidata Q3150348,"Early in the morning of May 21, 1863, Maj. Gen. Christopher C. Augur’s Union division advanced from Baton Rouge toward the intersection of Plains Store and Bayou Sara roads on the way to secure a landing, on the river, for Maj. Gen. Nathaniel Banks. Col. Benjamin H. Grierson’s cavalry, in the lead, encountered Confederate forces under the command of Col. Frank P. Powers and skirmishing ensued. As the morning progressed the Union infantry approached the crossroads and came under fire, bringing on a general engagement. At noon, Col. W.R. Miles set out for Plains Store with Confederate reinforcem"
LA010,Port Hudson,,LA,5/22/1863,7/9/1863,Siege of Port Hudson,Union Victory,30.85,-91.05,Wikidata Q860295,"In cooperation with Maj. Gen. Ulysses S. Grant’s offensive against Vicksburg, Union Maj. Gen. Nathaniel P. Banks’s army moved against the Confederate stronghold at Port Hudson on the Mississippi River. On May 27, after their frontal assaults were repulsed, the Federals settled into a siege which lasted for 48 days. Banks renewed his assaults on June 14 but the defenders successfully repelled them. On July 9, 1863, after hearing of the fall of Vicksburg, the Confederate garrison of Port Hudson surrendered, opening the Mississippi River to Union navigation from its source to New Orleans."
LA011,Milliken's Bend,,LA,6/7/1863,6/7/1863,Grant's Operations Against Vicksburg,Union Victory,32.44,-91.1,Wikidata Q2649895,"On June 6, Col. Hermann Lieb with the African Brigade and two companies of the 10th Illinois Cavalry made a reconnaissance toward Richmond, Louisiana. About three miles from Richmond, Lieb encountered enemy troops at the Tallulah railroad depot and drove them back but then retired, fearing that many more Rebels might be near. While retiring, a squad of Union cavalry appeared, fleeing from a force of Rebels. Lieb got his men into battle line and helped disperse the pursuing enemy. He then retired to Milliken’s Bend and informed his superior by courier of his actions. The 23rd Iowa Infantry and "
LA012,LaFourche Crossing,Lafourche Crossing,LA,6/20/1863,6/21/1863,Taylor's Operations in Louisiana West of Mississip,Union Victory,29.7668,-90.7646,Wikidata Q2395990,"Maj. Gen. Richard Taylor sent an expedition under Col. James P. Major to break Union supply lines, disrupt Union activities and force an enemy withdrawal from Brashear (Morgan) City and Port Hudson. Major set out from Washington, Louisiana, on Bayou Teche, heading south and east. While marching, his men conducted raids on Union forces, boats, and plantations and in the process captured animals and supplies and liberated slaves. Brig. Gen. William H. Emory, commanding the defenses of New Orleans, assigned Lt. Col. Albert Stickney to command in Brashear City and to stem the Rebel raid if possibl"
LA013,Donaldsonville II,,LA,6/28/1863,6/28/1863,Taylor's Operations in Louisiana West of Mississip,Indecisive,30.10833333,-90.99138889,Wikidata Q1867306,"On June 28, 1863, Confederate Brig. Gen. Jean Alfred Mouton ordered Brig. Gen. Tom Green’s and Col. James P. Major’s brigades to take Donaldsonville. The Union had built Fort Butler, which the Rebels had to take before occupying the town. On the night of June 27, Green, within a mile and a half of the fort, began moving troops ahead to attack. The attack started soon after midnight, and the Confederates quickly surrounded the fort and began passing through the various obstructions. Unfortunately, those troops attacking along the levee came to a ditch, unknown to them, too wide to cross, that s"
LA014,Goddrich's Landing,"The Mounds, Lake Providence",LA,6/29/1863,6/30/1863,Grant's Operations Against Vicksburg,Indecisive,32.809844,-91.193392,Wikidata Q4871528,"After Union forces began occupying the Louisiana river parishes, thousands of escaped slaves flocked to them. The Federals, therefore, leased some plantations and put the freedmen to work growing cotton or other crops; the proceeds from the sale of the crops helped defray expenses for food, clothing, etc. African-American troops were assigned to protect these plantations, releasing other troops to fight. Confederates, determined to recapture some of these freedmen and destroy the crops, undertook an expedition from Gaines’s Landing, Arkansas, to Lake Providence. The Federals had constructed a "
LA015,Kock's Plantation,Cox's Plantation,LA,7/12/1863,7/15/1863,Taylor's Operations in Louisiana West of Mississip,Confederate Victory,30.0865,-91.0295,Wikidata Q2421798,"Following the surrender of Port Hudson, two Union divisions were shifted to Donaldsonville by transports, to move inland and pacify the interior. They marched up Bayou Lafourche, a division on each bank. Confederate Brig. Gen. Tom Green posted a brigade on the east side of the bayou and placed his second brigade on the other side. As the Union forces advanced, skirmishing occurred on July 11 and 12. On the morning of the 13th, a foraging detachment set out along both banks of the bayou. Upon reaching Kock’s Plantation (Saint Emma Plantation) they met Rebel skirmishers that forced them back. Th"
LA016,Stirling's Plantation,Fordoche Bridge,LA,9/29/1863,9/29/1863,Taylor's Operations in Louisiana West of Mississip,Confederate Victory,30.6834,-91.6596,Wikidata Q4872441,"Following the Union defeat at Sabine Pass earlier in the month, Maj. Gen. Nathaniel P. Banks intended to occupy important locations in Texas. He decided to send troops up the Bayou Teche, disembark them on the plains and march overland to Texas. Maj. Gen. Ulysses S. Grant sent him a division, commanded by Maj. Gen. Napoleon J.T. Dana to garrison Morganza and prevent Rebel troops from operating on the Atchafalaya River. A 1,000-man detachment, under the command of Lt. Col. J.B. Leake, was at Stirling’s Plantation to guard the road to the Atchafalaya River and deter any enemy troops from passing"
LA017,Fort DeRussy,,LA,3/14/1864,3/14/1864,Red River Campaign,Union Victory,31.1838,-92.05436,Wikidata Q2766079,"The Union launched a multi-purpose expedition into Rebel Gen. E. Kirby Smith’s Trans-Mississippi Department, headquartered in Shreveport, Louisiana, in early 1864. Maj. Gen. Nathaniel P. Banks and Rear Adm. David D. Porter jointly commanded the combined force. Porter’s fleet and Brig. Gen. A.J. Smith's XVI and XVII Army Corps detachments of the Army of the Tennessee set out on March 12, 1864, up the Red River, the most direct route to Shreveport. Banks with the XIII and XIX Army Corps advanced by way of Berwick Bay and Bayou Teche. After removing various obstructions that the Rebels had placed"
LA018,Mansfield,"Sabine Cross Roads, Pleasant Grove",LA,4/8/1864,4/8/1864,Red River Campaign,Confederate Victory,32.0121,-93.6652,Wikidata Q676148,"By this time, Maj. Gen. Nathaniel P. Bank’s Red River Expedition had advanced about 150 miles up Red River. Maj. Gen. Richard Taylor, without any instructions from his commander, Gen. E. Kirby Smith, decided that it was time to try and stem this Union drive. He established a defensive position just below Mansfield, near Sabine Cross-Roads, an important communications center. On April 8, Banks’s men approached, driving Confederate cavalry before them. For the rest of the morning, the Federals probed the Rebel lines. In late afternoon, Taylor, though outnumbered, decided to attack. His men made "
LA019,Pleasant Hill,,LA,4/9/1864,4/9/1864,Red River Campaign,Union Victory,31.853333333,-93.513888888,Wikidata Q572095,"By April 1864, Maj. Gen. Nathaniel P. Banks’s Red River Expedition had advanced about 150 miles up Red River. Maj. Gen. Richard Taylor, commander of the Confederate forces in the area, decided, without any instructions from his commander Gen. E. Kirby Smith, that it was time to try and stem this Union drive. Taylor gained a victory at Mansfield on April 8. Banks withdrew from that battlefield to Pleasant Hill, but he knew that fighting would resume the next day. Early on the 9th, Taylor’s reinforced forces marched toward Pleasant Hill in the hopes of finishing the destruction of the Union forc"
LA020,Blair's Landing,Pleasant Hill Landing,LA,4/12/1864,4/12/1864,Red River Campaign,Union Victory,31.941,-93.289,Wikidata Q2794549,"After the battle of Pleasant Hill on April 9, Brig. Gen. Tom Green led his men to Pleasant Hill Landing on the Red River, where, about 4:00 pm on April 12, they discovered grounded and damaged Union transports and gunboats, the XVI and XVII army corps river transportation, and U.S. Navy gunboats, with supplies and armament aboard. Union Brig. Gen. Thomas Kilby Smith’s Provisional Division, XVII Corps, troops, and the Navy gunboats furnished protection for the army transports. Green and his men charged the boats. When Green attacked, Smith’s men used great ingenuity in defending the boats and d"
LA021,Monett's Ferry,Cane River Crossing,LA,4/23/1864,4/23/1864,Red River Campaign,Union Victory,31.498,-92.857,Wikidata Q2284930,"Near the end of the Red River Expedition, Maj. Gen. Nathaniel P. Banks’s army evacuated Grand Ecore and retreated to Alexandria, pursued by Confederate forces. Banks’s advance party, commanded by Brig. Gen. William H. Emory, encountered Brig. Gen. Hamilton P. Bee’s cavalry division near Monett’s Ferry (Cane River Crossing) on the morning of April 23. Bee had been ordered to dispute Emory’s crossing, and he placed his men so that natural features covered both his flanks. Reluctant to assault the Rebels in their strong position, Emory demonstrated in front of the Confederate lines, while two bri"
LA022,Mansura,"Smith's Place, Marksville",LA,5/16/1864,5/16/1864,Red River Campaign,Union Victory,31.055,-92.04777778,Wikidata Q2067243,"As Maj. Gen. Nathaniel P. Banks’s Red River Expeditionary Force retreated down Red River, Confederate forces under Maj. Gen. Richard Taylor attempted to slow the Union troops’ movements and, if possible, deplete their numbers or, better yet, destroy them. The Union forces passed Fort DeRussy, reached Marksville, and then continued east. At Mansura, Taylor massed his forces in an open prairie that controlled access to the three roads traversing the area, where he hoped his artillery could cause many casualties. Early on the morning of May 16, the Union forces approached, and skirmishing quickly"
LA023,Yellow Bayou,Norwood's Plantation,LA,5/18/1864,5/18/1864,Red River Campaign,Union Victory (strategic),30.9985,-91.8668,Wikidata Q2000388,"Maj. Gen. Nathaniel P. Banks during his retreat in the Red River Campaign, following the battles of Mansfield and Pleasant Hill, reached the Atchafalaya River on May 17. Once on the other side of the river he would be shielded from the continuous Confederate harassment. But, he had to wait to cross the river until the army engineers constructed a bridge. On the 18th, Banks learned that Maj. Gen. Richard Taylor’s force was near Yellow Bayou so he ordered Brig. Gen. A.J. Smith to stop them. Since Smith could not comply himself, he ordered Brig. Gen. Joseph A. Mower to meet Taylor. The Yankees at"
MD001,Hancock,Romney Campaign,MD,1/5/1862,1/6/1862,Jackson's Operations Against the B&O RR,Indecisive,39.6957,-78.177,Wikidata Q2003883,"On January 1, Maj. Gen. Thomas J. ’Stonewall’ Jackson marched north in bitter cold from Winchester to Bath with the objective of disrupting traffic on the B&O Railroad and C&O Canal. On January 5, after skirmishing with the retiring Federals, Jackson’s force reached the Potomac River opposite the garrisoned town of Hancock, Maryland. His artillery fired on the town from Orrick’s Hill but did little damage. Union garrison commander Brig. Gen. F.W. Lander refused Jackson’s demands for surrender. Jackson continued the bombardment for two days while unsuccessfully searching for a safe river crossi"
MD002,South Mountain,"Crampton's Gap, Turner's Gap, Fox's Gap",MD,9/14/1862,9/14/1862,Maryland Campaign,Indecisive,39.48501,-77.62161,Wikidata Q1542829,"After invading Maryland in September 1862, Gen. Robert E. Lee divided his army to march on and invest Harpers Ferry. The Army of the Potomac under Maj. Gen. George B. McClellan pursued the Confederates to Frederick, Maryland, then advanced on South Mountain. On September 14, pitched battles were fought for possession of the South Mountain passes: Crampton’s, Turner’s, and Fox’s Gaps. By dusk the Confederate defenders were driven back, suffering severe casualties, and McClellan was in position to destroy Lee’s army before it could reconcentrate. McClellan’s limited activity on September 15 afte"
MD003,Antietam,Sharpsburg,MD,9/16/1862,9/17/1862,Maryland Campaign,Indecisive,39.473333333,-77.744722222,Wikidata Q719252,"On September 16, Maj. Gen. George B. McClellan confronted Lee’s Army of Northern Virginia at Sharpsburg, Maryland. At dawn September 17, Hooker’s corps mounted a powerful assault on Lee’s left flank that began the single bloodiest day in American military history. Attacks and counterattacks swept across Miller’s cornfield and fighting swirled around the Dunker Church. Union assaults against the Sunken Road eventually pierced the Confederate center, but the Federal advantage was not followed up. Late in the day, Burnside’s corps finally got into action, crossing the stone bridge over Antietam C"
MD004,Williamsport,"Hagerstown, Falling Waters",MD,7/6/1863,7/6/1863,Gettysburg Campaign,Indecisive,39.63333333,-77.71666667,Wikidata Q841297,"During the night of July 4-5, Lee's battered army began its retreat from Gettysburg, moving southwest on the Fairfield Road toward Hagerstown and Williamsport, screened by Stuart’s cavalry. The Union infantry followed cautiously the next day, converging on Middletown, Maryland. On July 7, Imboden (CS) stopped Buford’s Union cavalry from occupying Williamsport and destroying Confederate trains. Kilpatrick’s cavalry division drove two Confederate cavalry brigades through Hagerstown before being forced to retire by the arrival of the rest of Stuart’s command. Lee’s infantry reached the rain-swoll"
MD006,Boonsboro,,MD,7/8/1863,7/14/1863,Gettysburg Campaign,Indecisive,39.5254,-77.6632,Wikidata Q841150,"On July 8, the Confederate cavalry, holding the South Mountain passes, fought a rearguard action against elements of the Union 1st and 3rd Cavalry Divisions and infantry. This action was one of a series of cavalry combats fought around Boonsboro, Hagerstown, and Williamsport."
MD007,Monocacy,Battle that Saved Washington,MD,7/9/1864,7/9/1864,Early's Raid and Operations Against B&O RR,Confederate Victory,39.3711,-77.392,Wikidata Q2667265,"After marching north through the Shenandoah Valley from Lynchburg, the Confederate army of Lt. Gen. Jubal A. Early side-stepped the Federal garrison at Harpers Ferry and crossed the Potomac River at Shepherdstown into Maryland on July 5-6. On July 9, 1864, a makeshift Union force under Maj. Gen. Lew Wallace attempted to arrest Early’s invading Confederate divisions along the Monocacy River, just east of Frederick. Wallace, joined by Ricketts’s Division of the VI Corps that had been rushed from the Petersburg lines, was outflanked by Gordon’s Division and defeated after putting up a stiff resis"
MD008,Folck's Mill,Cumberland,MD,8/1/1864,8/1/1864,Early's Raid and Operations Against B&O RR,Indecisive,39.6639,-78.753,Wikidata Q4871028,"After burning Chambersburg, Pennsylvania, on July 30, Johnson’s and McCausland’s cavalry brigades rode towards Cumberland, Maryland, to disrupt the B&O Railroad. Brig. Gen. Benjamin Kelly organized a small force of soldiers and citizens to meet the Confederate advance. On August 1, Kelly ambushed Rebel cavalrymen near Cumberland at Folck’s Mill, and skirmishing continued for several hours. Eventually the Confederates withdrew."
MN001,Fort Ridgley,,MN,8/20/1862,8/22/1862,Operations to Suppress the Sioux Uprising,Union Victory,43.7474553,-91.540267,"OpenStreetMap: Fort Ridgley Road, Houston Township, Houston County, Minnesota, 55943, United States","In August 1862, the Santee Sioux of Minnesota under Chief Little Crow, angered by the failure of the Federal government to provide annuities and by the poor quality of rations, went on the offensive. They killed approximately 800 settlers and soldiers, took many prisoners, and caused extensive property damage throughout the Minnesota River Valley. Fort Ridgely, about twelve miles from the Lower Sioux Agency, became the refuge for white civilians. The fort’s commander, Capt. John S. Marsh, set out with most of his men for the Lower Sioux Agency. Before reaching the agency, a large Native Americ"
MN002,Wood Lake,,MN,9/23/1862,9/23/1862,Operations to Suppress the Sioux Uprising,Union Victory,44.6527349,-95.5383495,"OpenStreetMap: Wood Lake, Yellow Medicine County, Minnesota, United States","On September 19, 1862, Col. Henry Hastings Sibley set out from Fort Ridgely with 1,500 volunteers to put down the Santee uprising. As they neared Wood Lake on September 23, Sibley’s men escaped an ambush by 700 warriors under Chief Little Crow and engaged them in a battle. Sibley’s force won the day inflicting heavy casualties on the Sioux. For this action, Sibley received a promotion to brigadier general. Wood Lake was the first decisive defeat of the Sioux since the uprising began."
MO001,Boonville,First Battle of Boonville,MO,6/17/1861,6/17/1861,Operations to Constrol Missouri,Union Victory,38.9591,-92.659816666,Wikidata Q2451867,"Claiborne Jackson, the pro-Southern Governor of Missouri, wanted the state to secede and join the Confederacy. Union Brig. Gen. Nathaniel Lyon set out to put down Jackson’s Missouri State Guard, commanded by Sterling Price. Reaching Jefferson City, the state capital, Lyon discovered that Jackson and Price had retreated towards Boonville. Lyon reembarked on steamboats, transported his men to below Boonville, marched to the town, and engaged the enemy. In a short fight, Lyon dispersed the Confederates, commanded on the field by Col. John S. Marmaduke, and occupied Boonville. This early victory e"
MO002,Carthage,,MO,7/5/1861,7/5/1861,Operations to Constrol Missouri,Confederate Victory,37.1765141,-94.3103412,"OpenStreetMap: Carthage, Jasper County, Missouri, 64836, United States","Brig. Gen. Nathaniel Lyon had chased Governor Claiborne Jackson and approximately 4,000 State Militia from the State Capital at Jefferson City and from Boonville, and pursued them. Col. Franz Sigel led another force of about 1,000 into southwest Missouri in search of the governor and his loyal troops. Upon learning that Sigel had encamped at Carthage, on the night of July 4, Jackson took command of the troops with him and formulated a plan to attack the much smaller Union force. The next morning, Jackson closed up to Sigel, established a battle line on a ridge ten miles north of Carthage, and "
MO003,Liberty,"Blue Mills Landing, Blue Mills",MO,9/17/1861,9/17/1861,Operations to Constrol Missouri,Confederate Victory,39.246479,-94.419079,"OpenStreetMap: Liberty, Clay County, Missouri, United States","’General’ D.R. Atchison left Lexington on September 15, 1861, and proceeded to Liberty where he met the Missouri State Guard. On the night of September 16-17, his force crossed the Missouri River to the south side and prepared for a fight with Union troops reported to be in the area. At the same time, Union Lt. Col. John Scott led a force of about 600 men from Cameron, on the 15th, towards Liberty. He left his camp in Centreville, at 2:00 am on the 17th. He arrived in Liberty, sent scouts out to find the enemy, and, about 11:00 am, skirmishing began. At noon, Scott marched in the direction of "
MO004,Wilson's Creek,Oak Hills,MO,8/10/1861,8/10/1861,Operations to Constrol Missouri,Confederate Victory,37.1663822,-93.3732811,"OpenStreetMap: Wilson's Creek, Springfield, Greene County, Missouri, United States","Brig. Gen. Nathaniel Lyon’s Army of the West was camped at Springfield, Missouri, with Confederate troops under the commands of Brig. Gen. Ben McCulloch approaching. On August 9, both sides formulated plans to attack the other. About 5:00 am on the 10th, Lyon, in two columns commanded by himself and Col. Franz Sigel, attacked the Confederates on Wilson’s Creek about 12 miles southwest of Springfield. Rebel cavalry received the first blow and fell back away from Bloody Hill. Confederate forces soon rushed up and stabilized their positions. The Confederates attacked the Union forces three times "
MO005,Dry Wood Creek,"Big Dry Wood Creek, Battle of the Mules",MO,9/2/1861,9/2/1861,Operations to Constrol Missouri,Confederate Victory,37.8197,-94.4862,Wikidata Q2540993,"Col. J.H. Lane’s cavalry, comprising about 600 men, set out from Fort Scott to learn the whereabouts of a rumored Confederate force. They encountered a Confederate force, about 6,000-strong, near Big Dry Wood Creek. The Union cavalry surprised the Confederates, but their numerical superiority soon determined the encounter’s outcome. They forced the Union cavalry to retire and captured their mules, and the Confederates continued on towards Lexington. The Confederates were forcing the Federals to abandon southwestern Missouri and to concentrate on holding the Missouri Valley."
MO006,Lexington I,Battle of the Hemp Bales,MO,9/13/1861,9/20/1861,Operations to Constrol Missouri,Confederate Victory,39.18305556,-93.875,Wikidata Q3808722,"Following the victory at Wilson’s Creek, the Confederate Missouri State Guard, having consolidated forces in the northern and central part of the state, marched, under the command of Maj. Gen. Sterling Price, on Lexington. Col. James A. Mulligan commanded the entrenched Union garrison of about 3,500 men. Price’s men first encountered Union skirmishers on September 13 south of town and pushed them back into the fortifications. Price, having bottled the Union troops up in Lexington, decided to await his ammunition wagons, other supplies, and reinforcements before assaulting the fortifications. B"
MO007,Fredericktown,,MO,10/21/1861,10/21/1861,Operations to Constrol Missouri,Union Victory,37.5597754,-90.294007,"OpenStreetMap: Fredericktown, Madison County, Missouri, United States","Two Union columns, one under Col. J.B. Plummer and another under Col. William P. Carlin, advanced on Fredericktown to overtake Brig. Gen. M. Jeff Thompson and his men. On the morning of October 21, Thompson’s force left Fredericktown headed south. About twelve miles out, Thompson left his supply train in a secure position and returned toward Fredericktown. He then learned that Union forces had occupied Fredericktown, so Thompson spent the morning attempting to discern the enemy numbers and disposition. Unable to do so, he attacked anyway, around noon. Plummer, with his force and a detachment o"
MO008,Springfield I,Zagonyi's Charge,MO,10/25/1861,10/25/1861,Operations to Constrol Missouri,Union Victory,37.195,-93.3021,Wikidata Q2941587,"Having accomplished little since taking command of the Western Department, with headquarters in St. Louis, Missouri, Maj. Gen. John C. Fr’mont formulated a plan to clear Maj. Gen. Sterling Price’s Rebels from the state and then, if possible, carry the war into Arkansas and Louisiana. Leaving St. Louis on October 7, 1861, Fr’mont’s combined force eventually numbered more than 20,000. His accompanying cavalry force, numbering 5,000 men and other mounted troops, included Maj. Frank J. White’s Prairie Scouts and Fr’mont's Body Guards under Maj. Charles Zagonyi. Maj. White became ill and turned his"
MO009,Belmont,,MO,11/7/1861,11/7/1861,Operations at the Ohio - Mississippi River Conflue,Union Victory,36.7664457,-89.1217338,"OpenStreetMap: Belmont Landing, Mississippi County, Missouri, 42032, United States","On November 6, 1861, Brig. Gen. U.S. Grant left Cairo, Illinois, by steamers, in conjunction with two gunboats, to make a demonstration against Columbus, Kentucky. The next morning, Grant learned that Confederate troops had crossed the Mississippi River from Columbus to Belmont, Missouri, to intercept two detachments sent in pursuit of Brig. Gen. M. Jeff Thompson and, possibly, to reinforce Maj. Gen. Sterling Price’s force. He landed on the Missouri shore, out of the range of Confederate artillery at Columbus, and started marching the mile to Belmont. At 9:00 in the morning, an engagement bega"
MO011,Roan's Tan Yard,Silver Creek,MO,1/8/1862,1/8/1862,Operations in Northeast Missouri,Union Victory,39.3246,-92.5584,Wikidata Q2426213,"Rumors and sightings of a Confederate force in the Howard County area had circulated for more than a week, but the Union troops could not locate them. On January 7, 1862, information came to hand that Col. J.A. Poindexter and his Confederate force were camped on Silver Creek. Detachments from various Union units came together and headed towards the Confederate camp which was about 14 miles northwest of Fayette. After finding the camp, the force attacked, routing the enemy and sending those that were not killed, wounded, or captured fleeing for safety. Afterwards, the Union force destroyed the "
MO013,Kirksville,,MO,8/6/1862,8/9/1862,Confederate Offensive North of Boston Mountains,Union Victory,40.19,-92.6,Wikidata Q2551448,"Col. John McNeil and his troops, numbering about 1,000, had been pursuing Col. Joseph C. Porter and his Confederate Missouri Brigade of 2,500 men for more than a week. Before noon on August 6, McNeil attacked Porter in the town of Kirksville, where his men had hidden themselves in homes and stores and among the crops in the nearby fields. After almost three hours of fighting, the Yankees secured the town, captured numerous prisoners, and chased the others away. Three days later, another Union force met and finished the work begun at Kirksville, destroying Porter’s command. Kirksville helped co"
MO014,Independence I,,MO,8/11/1862,8/11/1862,Confederate Offensive North of Boston Mountains,Confederate Victory,39.0856,-94.4412,Wikidata Q3808756,"On August 11, 1862, Col. J.T. Hughes’s Confederate force, including William Quantrill, attacked Independence, at dawn, in two columns on different roads. They drove through the town to the Union Army camp, capturing, killing, and scattering the Yankees. Lt. Col. James T. Buel, commander of the garrison, attempted to hold out in one of the buildings with some of his men. Soon the building next to them was on fire, threatening them. Buel then, by means of a flag of truce, arranged a meeting with the Confederate commander, Col. G.W. Thompson, who had replaced Col. J.T. Hughes, killed earlier. Bue"
MO015,Lone Jack,,MO,8/15/1862,8/16/1862,Confederate Offensive North of Boston Mountains,Confederate Victory,38.87055556,-94.18805556,Wikidata Q2889158,"Maj. Emory S. Foster, under orders, led an 800-man combined force from Lexington to Lone Jack. Upon reaching the Lone Jack area, he discovered 1,600 Rebels under Col. J.T. Coffee and prepared to attack them. About 9:00 pm on the 15th, he and his men attacked the Confederate camp and dispersed the force. Early the next morning, Union pickets informed Foster that a 3,000-man Confederate force was advancing on him. Soon afterwards, this force attacked and a battle ensued that involved charges, retreats, and counterattacks. After five hours of fighting and the loss of Foster, Coffee and his 1,500 "
MO016,Newtonia I,,MO,9/30/1862,9/30/1862,Confederate Offensive North of Boston Mountains,Confederate Victory,36.8739,-94.1903,Wikidata Q3853836,"Following the Battle of Pea Ridge, in March 1862, most Confederate and Union troops left northwestern Arkansas and southwestern Missouri. By late summer, Confederates returned to the area, which caused much apprehension in nearby Federally-occupied Springfield, Missouri, and Fort Scott, Kansas. Confederate Col. Douglas Cooper reached the area on the 27th and assigned two of his units to Newtonia where there was a mill for making breadstuffs. In mid-September, two brigades of Brig. Gen. James G. Blunt’s Union Army of Kansas left Fort Scott for Southwest Missouri. On the 29th, Union scouts appro"
MO017,Clark's Mill,Vera Cruz,MO,11/7/1862,11/7/1862,Confederate Offensive North of Boston Mountains,Confederate Victory,36.9207,-92.4888,Wikidata Q1819989,Union forces under Capt. Barstow surrendered to Confederate forces under Cols. Burbridge and Greene.
MO018,Springfield II,,MO,1/8/1863,1/8/1863,Marmaduke's Expedition Into Missouri,Union Victory,37.195,-93.3021,Wikidata Q2941587,"Brig. Gen. John S. Marmaduke’s expedition into Missouri reached Ozark, where it destroyed the Union post, and then approached Springfield on the morning of January 8, 1863. Springfield was an important Federal communications center and supply depot so the Rebels wished to destroy it. The Union army had constructed fortifications to defend the town. Their ranks, however, were depleted because Francis J. Herron’s two divisions had not yet returned from their victory at Prairie Grove on December 7. After receiving a report on January 7 of the Rebels’ approach, Brig. Gen. Egbert B. Brown set about"
MO019,Hartville,,MO,1/9/1863,1/11/1863,Marmaduke's Expedition Into Missouri,Confederate Victory,37.2511,-92.5111,Wikidata Q2198831,"John S. Marmaduke led a Confederate raid into Missouri in early January 1863. This movement was two-pronged. Col. Joseph C. Porter led one column, comprising his Missouri Cavalry Brigade, out of Pocahontas, Arkansas, to assault Union posts around Hartville, Missouri. When he neared Hartville, on January 9, he sent a detachment forward to reconnoiter. It succeeded in capturing the small garrison and occupying the town. The same day, Porter moved on toward Marshfield. On the 10th, some of Porter’s men raided other Union installations in the area before catching up with Marmaduke’s column east of"
MO020,Cape Girardeau,,MO,4/26/1863,4/26/1863,Marmaduke's Second Expedition Into Missouri,Union Victory,37.304731,-89.5176418,"OpenStreetMap: Cape Girardeau, Cape Girardeau County, Missouri, United States","Brig. Gen. John S. Marmaduke sought to strike Brig. Gen. John McNeil, with his combined force of about 2,000 men, at Bloomfield, Missouri. McNeil retreated and Marmaduke followed. Marmaduke received notification, on April 25, that McNeil was near Cape Girardeau. He sent troops to destroy or capture McNeil’s force, but then he learned that the Federals had placed themselves in the fortifications. Marmaduke ordered one of his brigades to make a demonstration to ascertain the Federals’ strength. Col. John S. Shelby’s brigade made the demonstration which escalated into an attack. Those Union force"
MO021,Fort Davidson,Pilot Knob,MO,9/26/1864,9/28/1864,Price's Missouri Expedition,Union Victory,37.6194,-90.6415,Wikidata Q2579523,"In September 1864, a Confederate army under Maj. Gen. Sterling Price crossed into Missouri with the goal of capturing St. Louis. Union Brig. Gen. Thomas Ewing moved with reinforcements down the railroad to Ironton to retard Price’s advance. On the morning of September 27, the Confederates attacked, driving the Federals back into their defenses anchored by Fort Davidson. In the late afternoon, Price unsuccessfully assaulted the fort repeatedly, suffering heavy casualties. Price, considering the possible time involved, had dismissed the possibility of mounting guns on the high ground to compel t"
MO023,Lexington II,,MO,10/19/1864,10/19/1864,Price's Missouri Expedition,Confederate Victory,39.18305556,-93.875,Wikidata Q3808722,"Maj. Gen. Sterling Price’s march along the Missouri River was slow, providing the Yankees a chance to concentrate. Maj. Gen. William S. Rosecrans, commanding the Department of the Missouri, proposed a pincer movement to trap Price and his army, but he was unable to communicate with Maj. Gen. Samuel R. Curtis, commander of the Department of Kansas, to formalize the plan. Curtis was having problems because many of his troops were Kansas militia and they refused to enter Missouri, but a force of 2,000 men under the command of Maj. Gen. James G. Blunt did set out for Lexington. On October 19, Pric"
MO024,Little Blue River,Westport,MO,10/21/1864,10/21/1864,Price's Missouri Expedition,Confederate Victory,39.1369,-94.3139,Wikidata Q4871572,"Price’s march along the Missouri River was slow, providing the Yankees a chance to concentrate. Maj. Gen. William S. Rosecrans, commanding the Department of the Missouri, proposed a pincer movement to trap Price and his army, but he was unable to communicate with Maj. Gen. Samuel R. Curtis, commander of the Department of Kansas, to formalize the plan. Curtis was having problems because many of his troops were Kansas militia and they refused to enter Missouri, but a force of about 2,000 men under the command of Maj. Gen. James G. Blunt did set out for Lexington. He met the Confederate troops at"
MO025,Independence II,,MO,10/22/1864,10/22/1864,Price's Missouri Expedition,Confederate Victory,39.0856,-94.4412,Wikidata Q3808756,"Maj. Gen. Sterling Price’s army rode west in the direction of Kansas City. On the night of the 21st, he camped at Independence and resumed his westward march the next morning with Brig. Gen. Joe Shelby’s division in the lead followed by Brig. Gen. John S. Marmaduke’s division, with Brig. Gen. James Fagan’s division bringing up the rear. While Shelby’s men met success at Byram’s Ford, the other two columns did not fare as well. Maj. Gen. Alfred Pleasonton’s Union force crossed the Little Blue, beat up a Rebel brigade in Fagan’s command, and occupied Independence. Marmaduke’s division then met P"
MO026,Byram's Ford,Big Blue River,MO,10/22/1864,10/23/1864,Price's Missouri Expedition,Union Victory,39.0228,-94.5307,Wikidata Q4870600,"Maj. Gen. Sterling Price’s Army of Missouri was headed west towards Kansas City and Fort Leavenworth. Maj. Gen. Samuel R. Curtis’s Army of the Border, in and around Westport, was blocking the Confederates’ way west and Maj. Gen. Alfred Pleasonton’s provisional cavalry division was pressing Price’s army’s rear. Price had nearly 500 wagons with him and required a good ford over the Big Blue River to facilitate the passage of his supplies. Byram’s Ford was the best ford in the area and became a strategic point during the fighting around Westport. On October 22, Maj. Gen. James G. Blunt’s division"
MO027,Westport,,MO,10/23/1864,10/23/1864,Price's Missouri Expedition,Union Victory,39.03,-94.59444444,Wikidata Q1149869,"Maj. Gen. Sterling Price’s Missouri Expedition had changed course from St. Louis and Jefferson City to Kansas City and Fort Leavenworth. As his army neared Kansas City, Maj. Gen. Samuel R. Curtis’s Army of the Border blocked its way west, while Maj. Gen. Alfred Pleasonton’s provisional cavalry division was closing on their rear. Price decided that he needed to deal with the two Union forces and decided to attack them one at a time. With Pleasonton still behind him, Price chose to strike Curtis at Westport first. Curtis had established strong defensive lines and during a four-hour battle, the C"
MO028,Marmiton River,"Shiloh Creek, Charlot's Farm",MO,10/25/1864,10/25/1864,Price's Missouri Expedition,Union Victory,37.8717,-94.6153,Wikidata Q2889268,"Following the Battle of Mine Creek, Maj. Gen. Sterling Price continued his cartage towards Fort Scott. In late afternoon of October 25, Price’s supply train had difficulty crossing the Marmiton River ford and, like at Mine Creek, Price had to make a stand. Brig. Gen. John S. McNeil, commanding two brigades of Pleasonton’s cavalry division, attacked the Confederate troops that Price and his officers rallied, included a sizable number of unarmed men. McNeil observed the sizable Confederate force, not knowing that many of them were unarmed, and refrained from an all out assault. After about two h"
MO029,Newtonia II,,MO,10/28/1864,10/28/1864,Price's Missouri Expedition,Union Victory,36.8739,-94.1903,Wikidata Q3853836,"Price’s force was in full retreat following its expedition into Missouri. On October 28, 1864, it stopped to rest about two miles south of Newtonia, Missouri. Soon afterward, Maj. Gen. James G. Blunt’s Union troops surprised the Confederates and began to drive them. Brig. Gen. Joe Shelby’s division, including his Iron Brigade, rode to the front, dismounted, and engaged the Yankees while the other Rebel troops retreated towards Indian Territory. Brig. Gen. John B. Sanborn later appeared with Union reinforcements which convinced Shelby to retire. The Union troops forced the Confederates to retre"
MS001,Iuka,,MS,9/19/1862,9/19/1862,Iuka and Corinth Operations,Union Victory,34.7936,-88.2101,Wikidata Q2103752,"Maj. Gen. Sterling Price’s Army of the West main column marched into Iuka, Mississippi, on September 14. Price’s superior, Gen. Braxton Bragg, the commander of the Confederate Army of the Mississippi, who was leading an offensive deep into Kentucky, ordered him to prevent Maj. Gen. William S. Rosecrans’s Army of the Mississippi troops from moving into Middle Tennessee and reinforcing Brig. Gen. James Negley’s division of Maj. Gen. Don Carlos Buell’s Army of the Ohio, which was garrisoning Nashville. Price had about 14,000 men, and he was informed that, if necessary, he could request assistance"
MS002,Corinth II,,MS,10/3/1862,10/4/1862,Iuka and Corinth Operations,Union Victory,34.937569444,-88.5299,Wikidata Q1362021,"After the Battle of Iuka, Maj. Gen. Sterling Price’s Confederate Army of the West marched from Baldwyn to Ripley where it joined Maj. Gen. Earl Van Dorn’s Army of West Tennessee. Van Dorn was senior officer and took command of the combined force numbering about 22,000 men. The Rebels marched to Pocahontas on October 1, and then moved southeast toward Corinth. They hoped to seize Corinth and then sweep into Middle Tennessee. Since the Siege of Corinth, in the spring, Union forces had erected various fortifications, an inner and intermediate line, to protect Corinth, an important transportation "
MS003,Chickasaw Bayou,"Chickasaw Bluffs, Walnut Hills",MS,12/26/1862,12/29/1862,Operations Against Vicksburg,Confederate Victory,32.405555555,-90.847777777,Wikidata Q2632927,"On December 26, 1862, three Union divisions, under Maj. Gen. William T. Sherman, disembarked at Johnson's Plantation on the Yazoo River to approach the Vicksburg defenses from the northeast while a fourth landed farther upstream on the 27th. On the 27th, the Federals pushed their lines forward through the swamps toward Walnut Hills, which were strongly defended. On the 28th, several futile attempts were made to get around these defenses. On December 29, Sherman ordered a frontal assault which was repulsed with heavy casualties. Sherman then withdrew. This Confederate victory frustrated Grant's"
MS004,Grand Gulf,,MS,4/29/1863,4/29/1863,Grant's Operations Against Vicksburg,Confederate Victory,32.02916667,-91.05611111,Wikidata Q2482906,"Rear Adm. David D. Porter led seven ironclads in an attack on the fortifications and batteries at Grand Gulf, with the intention of silencing the Confederate guns and then securing the area with troops of McClernand’s XIII Army Corps who were on the accompanying transports and barges. The attack by the seven ironclads began at 8:00 am and continued until about 1:30 pm. During the fight, the ironclads moved within 100 yards of the Rebel guns and silenced the lower batteries of Fort Wade; the Confederate upper batteries at Fort Cobun remained out of reach and continued to fire. The Union ironcla"
MS005,Snyder's Bluff,Snyder's Mill,MS,4/29/1863,5/1/1863,Grant's Operations Against Vicksburg,Confederate Victory,32.4964,-90.8,Wikidata Q2263606,"To insure that troops were not withdrawn to Grand Gulf to assist Confederates there, a combined Union army-navy force feigned an attack on Snyder’s Bluff, Mississippi. After noon, on April 29th, Lt. Cdr. K. Randolph Breese, with his eight gunboats and ten transports carrying Maj. Gen. Francis Blair’s division, inched up the Yazoo River to the mouth of Chickasaw Bayou where they spent the night. At 9:00 am, the next morning, the force, minus one gunboat, continued upriver to Drumgould’s Bluff and engaged the enemy batteries. During the fighting, Choctaw suffered more than fifty hits, but no cas"
MS006,Port Gibson,Thompson's Hill,MS,5/1/1863,5/1/1863,Grant's Operations Against Vicksburg,Union Victory,31.9557,-91.0228,Wikidata Q2865994,"Maj. Gen. U.S. Grant launched his march on Vicksburg in the Spring of 1863, starting his army south, from Milliken’s Bend, on the west side of the Mississippi River. He intended to cross the river at Grand Gulf, but the Union fleet was unable to silence the Confederate big guns there. Grant then marched farther south and crossed at Bruinsburg on April 30. Union forces came ashore, secured the landing area and, by late afternoon, began marching inland. Advancing on the Rodney Road towards Port Gibson, Grant’s force ran into Rebel outposts after midnight and skirmished with them for around three"
MS007,Raymond,,MS,5/12/1863,5/12/1863,Grant's Operations Against Vicksburg,Union Victory,32.239166666,-90.448611111,Wikidata Q2344929,"Ordered by Lt. Gen. John C. Pemberton, Confederate commander at Vicksburg, Brig. Gen. John Gregg led his force from Port Hudson, Louisiana, to Jackson, Mississippi, and out to Raymond to intercept approaching Union troops. Before dawn on May 12, Maj. Gen. James B. McPherson had his XVII Army Corps on the march, and by 10:00 am they were about three miles from Raymond. Gregg decided to dispute the crossing of Fourteen Mile Creek and arrayed his men and artillery accordingly. As the Yankees approached, the Rebels opened fire, initially causing heavy casualties. Some Union troops broke, but Maj. "
MS008,Jackson,,MS,5/14/1863,5/14/1863,Grant's Operations Against Vicksburg,Union Victory,32.2875,-90.2,Wikidata Q2043320,"On May 9, 1863, Gen. Joseph E. Johnston received a dispatch from the Confederate Secretary of War directing him to ’proceed at once to Mississippi and take chief command of the forces in the field.’ As he arrived in Jackson on the 13th, from Middle Tennessee, he learned that two army corps from the Union Army of the Tennessee’the XV, under Maj. Gen. William T. Sherman, and the XVII, under Maj. Gen. James Birdseye McPherson’were advancing on Jackson, intending to cut the city and the railroads off from Vicksburg. Johnston consulted with the local commander, Brig. Gen. John Gregg, and learned th"
MS009,Champion Hill,Bakers Creek,MS,5/16/1863,5/16/1863,Grant's Operations Against Vicksburg,Union Victory,32.32972222,-90.53027778,Wikidata Q793922,"Following the Union occupation of Jackson, Mississippi, both Confederate and Federal forces made plans for future operations. Gen. Joseph E. Johnston retreated, with most of his army, up the Canton Road, but he ordered Lt. Gen. John C. Pemberton, commanding about 23,000 men, to leave Edwards Station and attack the Federals at Clinton. Pemberton and his generals felt that Johnston’s plan was dangerous and decided instead to attack the Union supply trains moving from Grand Gulf to Raymond. On May 16, though, Pemberton received another order from Johnston repeating his former directions. Pemberto"
MS010,Big Black River Bridge,Big Black,MS,5/17/1863,5/17/1863,Grant's Operations Against Vicksburg,Union Victory,32.346944444,-90.704166666,Wikidata Q2161150,"Reeling from their defeat at Champion Hill, the Confederates reached Big Black River Bridge, the night of May 16-17. Lt. Gen. John C. Pemberton ordered Brig. Gen. John S. Bowen, with three brigades, to man the fortifications on the east bank of the river and impede any Union pursuit. Three divisions of Maj. Gen. John A. McClernand’s XIII Army Corps moved out from Edwards Station on the morning of the 17th. The corps encountered the Confederates behind breastworks and took cover as enemy artillery began firing. Union Brig. Gen. Michael K. Lawler formed his 2nd Brigade, Carr’s Division, which su"
MS011,Vicksburg,,MS,5/18/1863,7/4/1863,Grant's Operations Against Vicksburg,Union Victory,32.343611111,-90.851111111,Wikidata Q1066253,"In May and June of 1863, Maj. Gen. Ulysses S. Grant’s armies converged on Vicksburg, investing the city and entrapping a Confederate army under Lt. Gen. John Pemberton. On July 4, Vicksburg surrendered after prolonged siege operations. This was the culmination of one of the most brilliant military campaigns of the war. With the loss of Pemberton’s army and this vital stronghold on the Mississippi, the Confederacy was effectively split in half. Grant's successes in the West boosted his reputation, leading ultimately to his appointment as General-in-Chief of the Union armies."
MS012,Meridian,,MS,2/14/1864,2/20/1864,Meridian and Yazoo River Expeditions,Union Victory,32.3643098,-88.703656,"OpenStreetMap: Meridian, Lauderdale County, Mississippi, United States","From Vicksburg, Mississippi, Sherman launched a campaign to take the important railroad center at Meridian and, if the situation was favorable, push on to Selma, Alabama, and threaten Mobile. Sherman ordered Brig. Gen. William Sooy Smith to lead a cavalry force of 7,000 men from Memphis, Tennessee, on February 1, 1864, south through Okolona, along the Mobile & Ohio Railroad, and meet the rest of the Union force at Meridian. With the main force of 20,000 men, Sherman set out on the 3rd for Meridian, but made feints toward various other locations. To counter the threat, Confederate President Jef"
MS013,Okolona,,MS,2/22/1864,2/22/1864,Meridian and Yazoo River Expeditions,Confederate Victory,34.0021,-88.7556,Wikidata Q2076671,"From Vicksburg, Mississippi, Sherman launched a campaign to take the important railroad center at Meridian, Mississippi, and if the situation were favorable, to push on to Selma, Alabama, and threaten Mobile. Sherman ordered Brig. Gen. William Sooy Smith to lead a cavalry force of 7,000 men from Memphis, Tennessee, on February 1, 1864, south through Okolona, along the Mobile & Ohio Railroad, and to meet the rest of the Union force at Meridian, on February 10. With the main force of approximately 20,000 men, Sherman set out on the 3rd for Meridian, but made feints on various other locations. Ag"
MS014,Brices Cross Roads,Tishomingo Creek,MS,6/10/1864,6/10/1864,Operations in Mobile Bat,Confederate Victory,34.506111111,-88.728888888,Wikidata Q4870552,"At the beginning of June 1864, Maj. Gen. Nathan Bedford Forrest set out with his cavalry corps of about 2,000 men to enter Middle Tennessee and destroy the Nashville & Chattanooga Railroad, which was carrying men and supplies to Maj. Gen. William T. Sherman in Georgia. On June 10, 1864, Forrest’s smaller Confederate force defeated a much larger Union column under Brig. Gen. Samuel Sturgis at Brice's Cross Roads. This brilliant tactical victory against long odds cemented Forrest’s reputation as one of the foremost mounted infantry leaders of the war."
MS015,Tupelo,Harrisburg,MS,7/14/1864,7/15/1864,Operations in Mobile Bat,Union Victory,34.255666666,-88.737,Wikidata Q4872606,"Maj. Gen. A.J. Smith, commanding a combined force of more than 14,000 men, left LaGrange, Tennessee, on July 5, 1864, and advanced south. Smith’s mission was to insure that Maj. Gen. Nathan B. Forrest and his cavalry did not raid Maj. Gen. William T. Sherman’s railroad lifeline in Middle Tennessee and, thereby, prevent supplies from reaching him in his campaign against Atlanta. Laying waste to the countryside as he advanced, Smith reached Pontotoc, Mississippi, on July 11. Forrest was in nearby Okolona with about 6,000 men, but his commander, Lt. Gen. Stephen D. Lee, told him he could not atta"
MS016,Corinth I,,MS,4/29/1862,5/30/1862,Union Penetration Up the Cumberland & Tennessee Ri,Union Victory,34.937569444,-88.5299,Wikidata Q1362021,"Following the Union victory at Shiloh, the Union armies under Maj. Gen. Henry Halleck advanced on the vital rail center of Corinth. By May 25, 1862, after moving 5 miles in 3 weeks, Halleck was in position to lay siege to the town. The preliminary bombardment began, and Union forces maneuvered for position. On the evening of May 29-30, Confederate commander Gen. P.G.T. Beauregard evacuated Corinth, withdrawing to Tupelo. The Federals had consolidated their position in northern Mississippi."
NC001,Hatteras Inlet Batteries,"Fort Clark, Fort Hatteras",NC,8/28/1861,8/29/1861,Union Blockade of Carolina Coast,Union Victory,35.1864,-75.7645,Wikidata Q2185405,"On August 26, an amphibious expedition led by Maj. Gen. Benjamin Butler and Flag-Officer Silas Stringham, embarked from Fort Monroe to capture Hatteras Inlet, an important haven for blockade-runners. On the 28th, while the navy bombarded Forts Clark and Hatteras, Union troops came ashore and attacked the rear of the Confederate batteries. On August 29, Col. William F. Martin surrendered the Confederate garrison of 670. The Federals lost only one man. Butler returned to Fort Monroe, leaving the captured forts garrisoned. This movement was part of Union efforts to seize coastal enclaves from whi"
NC002,Roanoke Island,Fort Huger,NC,2/7/1862,2/8/1862,Burnside's North Carolina Expedition,Union Victory,35.8783,-75.6678,Wikidata Q2889807,"On February 7, Brig. Gen. Ambrose E. Burnside landed 7,500 men on the southwestern side of Roanoke Island in an amphibious operation launched from Fort Monroe. The next morning, supported by gunboats, the Federals assaulted the Confederate forts on the narrow waist of the island, driving back and out-maneuvering Brig. Gen. Henry Wise’s outnumbered command. After losing less than 100 men, the Confederate commander on the field, Col. H.M. Shaw, surrendered about 2,500 soldiers and 32 guns. Burnside had secured an important outpost on the Atlantic Coast, tightening the blockade."
NC003,New Berne,,NC,3/14/1862,3/14/1862,Burnside's North Carolina Expedition,Union Victory,,,,"On March 11, Brig. Gen. Ambrose E. Burnside’s command embarked from Roanoke Island to rendezvous with Union gunboats at Hatteras Inlet for an expedition against New Berne. On March 13, the fleet sailed up the Neuse River and disembarked infantry on the river’s south bank to approach the New Berne defenses. The Confederate defense was commanded by Brig. Gen. Lawrence Branch. On March 14, John G. Foster’s, Jesse Reno’s, and John G. Parke’s brigades attacked along the railroad and after four hours of fighting drove the Confederates out of their fortifications. The Federals captured nine forts and"
NC004,Fort Macon,,NC,3/23/1862,4/26/1862,Burnside's North Carolina Expedition,Union Victory,34.696111111,-76.678888888,Wikidata Q2888543,"In late March, Maj. Gen. Ambrose E. Burnside’s army advanced on Fort Macon, a third system casemated masonry fort that commanded the channel to Beaufort, 35 miles southeast of New Berne. The Union force invested the fort with siege works and, on April 26, opened an accurate fire on the fort, which soon breached the masonry walls. Within a few hours the fort’s scarp began to collapse, and the Confederates hoisted a white flag. This action demonstrated the inadequacy of masonry forts against large-bore, rifled artillery."
NC005,South Mills,Camden,NC,4/19/1862,4/19/1862,Burnside's North Carolina Expedition,Indecisive,36.4304,-76.3033,Wikidata Q2010256,"Learning that the Confederates were building ironclads at Norfolk, Burnside planned an expedition to destroy the Dismal Swamp Canal locks to prevent transfer of the ships to Albemarle Sound. He entrusted the operation to Brig. Gen. Jesse Lee Reno’s command, which embarked on transports from Roanoke Island on April 18. By midnight, the convoy reached Elizabeth City and began disembarking troops. On the morning of April 19, Reno marched north on the road to South Mills. At the crossroads a few miles below South Mills, elements of Col. Ambrose Wright’s command delayed the Federals until dark. Ren"
NC006,Tranter's Creek,,NC,6/5/1862,6/5/1862,Burnside's North Carolina Expedition,Union Victory,35.6186,-77.1431,Wikidata Q2334874,"On June 5, Col. Robert Potter, garrison commander at Washington, North Carolina, ordered a reconnaissance in the direction of Pactolus. The 24th Massachusetts under Lt. Col. F.A. Osborne, advanced to the bridge over Tranter’s Creek, where it encountered the 44th North Carolina, under Col. George Singletary. Unable to force a crossing, Osborne brought his artillery to bear on the mill buildings in which the Confederates were barricaded. Colonel Singletary was killed in the bombardment, and his troops retreated. The Federals did not pursue and returned to their fortifications at Washington."
NC007,Kinston,,NC,12/14/1862,12/14/1862,Goldsboro Expedition,Union Victory,35.2626635,-77.5816353,"OpenStreetMap: Kinston, Lenoir County, North Carolina, United States","A Union expedition led by Brig. Gen. John G. Foster left New Berne in December to disrupt the Wilmington & Weldon Railroad at Goldsborough. The advance was stubbornly contested by Evans’s Brigade near Kinston Bridge on December 14, but the Confederates were outnumbered and withdrew north of the Neuse River in the direction of Goldsborough. Foster continued his movement the next day, taking the River Road, south of the Neuse River."
NC008,White Hall,"Whitehall, White Hall Ferry",NC,12/16/1862,12/16/1862,Goldsboro Expedition,Indecisive,35.2272,-77.8464,Wikidata Q2013252,"On December 16, Foster’s Union troops reached White Hall where Beverly Robertson’s brigade was holding the north bank of the Neuse River. The Federals demonstrated against the Confederates for much of the day, attempting to fix them in position, while the main Union column continued toward the railroad."
NC009,Goldsborough Bridge,,NC,12/17/1862,12/17/1862,Goldsboro Expedition,Union Victory,35.3391588,-78.0283372,"OpenStreetMap: Battle of Goldsborough Bridge, Old Mount Olive Highway, Mar-Mac Village, Wayne County, North Carolina, 28333, United States","On December 17, Foster’s expedition reached the railroad near Everettsville and began destroying the tracks north toward the Goldsborough Bridge. Clingman’s Confederate brigade delayed the advance but was unable to prevent the destruction of the bridge. His mission accomplished, Foster returned to New Berne where he arrived on the 20th."
NC010,Fort Anderson,Deep Gully,NC,3/13/1863,3/15/1863,Longstreet's Tidewater Operations,Union Victory,35.1383,-77.0358,Wikidata Q4871036,"Lt. Gen. James Longstreet took charge of the Department of Virginia and North Carolina on February 25 and initiated his Tidewater Operations. He directed D.H. Hill, commander of the North Carolina District, to advance on the Union stronghold of New Berne with about 12,000 men. Maj. Gen. William H.T. Whiting, who commanded the Wilmington garrison, refused to cooperate. After an initial success at Deep Gully on March 13, Hill marched against the well-entrenched Federals at Fort Anderson on March 14-15. Hill was forced to retire upon the arrival of Union gunboats. The city’s garrison was heavily "
NC011,Washington,,NC,3/30/1863,4/20/1863,Longstreet's Tidewater Operations,Indecisive,35.5443,-77.0601,Wikidata Q2776461,"While Longstreet operated against Suffolk, D.H. Hill’s column moved against the Federal garrison of Washington, North Carolina. By March 30, the town was ringed with fortifications, but the Confederates were unable to shut off supplies and reinforcements arriving by ship. After a week of confusion and mismanagement, Hill was maneuvered out of his siegeworks and withdrew on April 15."
NC012,Plymouth,,NC,4/17/1864,4/20/1864,Operations Against Plymouth and New Berne,Confederate Victory,35.86648,-76.7519,Wikidata Q5037048,"In a combined operation with the CSS ram Albemarle, Confederate forces under Maj. Gen. R.F. Hoke, attacked the Federal garrison at Plymouth on April 17. On April 19, the ram appeared in the river, sinking the Smithfield, damaging the Miami, and driving off the other Union ships supporting the Plymouth garrison. Confederate forces captured Fort Comfort, driving defenders into Fort Williams. On the 20th, the garrison surrendered."
NC013,Albemarle Sound,,NC,5/5/1864,5/5/1864,Operations Against Plymouth and New Berne,Indecisive,36.008888888,-75.785,Wikidata Q2890896,"On May 5, CSS Albemarle fought seven blockading Union ships to a draw at the mouth of the Roanoke River. Federals recaptured the converted steamer Bombshell. USS Sassacus was badly damaged."
NC014,Fort Fisher I,,NC,12/7/1864,12/27/1864,Expedition Against Fort Fisher,Confederate Victory,33.9715,-77.918,Wikidata Q5452517,"Maj. Gen. Benjamin Butler was relieved of command of the Army of the James and assigned to lead an amphibious expedition against Fort Fisher, which protected Wilmington, the South’s last open seaport on the Atlantic coast. Learning that large numbers of Union troops had embarked from Hampton Roads on December 13, Lee dispatched Hoke’s Division to meet the expected attack on Fort Fisher. On December 24, the Union fleet under Rear Adm. David D. Porter arrived to begin shelling the fort. An infantry division disembarked from transports to test the fort’s defenses. The Federal assault on the fort "
NC015,Fort Fisher II,,NC,1/13/1865,1/15/1865,Operations Against Fort Fisher & Wilmington,Union Victory,33.9715,-77.918,Wikidata Q5452517,"After the failure of his December expedition against Fort Fisher, Maj. Gen. Benjamin Butler was relieved of command. Maj. Gen. Alfred Terry was placed in command of a ’Provisional Corps,’ including Paine's Division of U.S. Colored Troops, and supported by a naval force of nearly 60 vessels, to renew operations against the fort. After a preliminary bombardment directed by Rear Adm. David D. Porter on January 13, Union forces landed and prepared an attack on Maj. Gen. Robert Hoke's infantry line. On the 15th, a select force moved on the fort from the rear. A valiant attack late in the afternoon,"
NC016,Wilmington,"Fort Anderson, Town Creek, Forks Road, Sugar Loaf Hill",NC,2/12/1865,2/22/1865,Operations Against Fort Fisher & Wilmington,Union Victory,34.1795,-77.954,Wikidata Q4872738,"With the fall of Fort Fisher to Maj. Gen. Alfred Terry’s and Rear Adm. David Porter’s combined operation on January 15, Wilmington’s days were numbered. About 6,600 Confederate troops under Maj. Gen. Robert Hoke held Fort Anderson and a line of works that prevented the Federals from advancing up the Cape Fear River. Early February, the XXIII Corps arrived at Fort Fisher, and Maj. Gen. John Schofield took command of the Union forces. Schofield now began a series of maneuvers to force the Confederates to abandon their defenses. On February 16, Jacob Cox’s division ferried across the river to con"
NC017,Wyse Fork,"Wilcox's Bridge, Wise's Fork, Second Kinston, Second Southwest Creek, Kelly's Mill Pond",NC,3/7/1865,3/10/1865,Campaign of the Carolina's,Union Victory,35.224,-77.5297,Wikidata Q586945,"Schofield planned to advance inland from Wilmington in February, at the same time assigning Maj. Gen. Jacob Cox to direct Union forces from New Berne toward Goldsboro. On March 7, Cox’s advance was stopped by Hoke’s and Hagood’s divisions under Gen. Braxton Bragg’s command at Southwest Creek below Kinston. On the 8th, the Confederates attempted to seize the initiative by attacking the Union flanks. After initial success, the Confederate attacks stalled because of faulty communications. On March 9, the Union forces were reinforced and beat back Bragg’s renewed attacks on the 10th after heavy fi"
NC018,Monroe's Cross Roads,"Fayetteville Road, Blue's Farm",NC,3/10/1865,3/10/1865,Campaign of the Carolina's,Indecisive,35.1259,-79.2032,Wikidata Q994665,"As Sherman’s army advanced into North Carolina, Kilpatrick’s Cavalry Division screened its left flank. On the evening of March 9, two of Kilpatrick’s brigades encamped near the Charles Monroe House in Cumberland (now Hoke) County. Early on the 10th, Confederate cavalry under the command of Lt. Gen. Wade Hampton surprised the Federals in their camps, driving them back in confusion and capturing wagons and artillery. The Federals regrouped and counterattacked, regaining their artillery and camps after a desperate fight. With Union reinforcements on the way, the Confederates withdrew."
NC019,Averasborough,"Taylor's Hole Creek, Smithville",NC,3/16/1865,3/16/1865,Campaign of the Carolina's,Indecisive,35.2661,-78.6721,Wikidata Q2887919,"On the afternoon of March 15, Judson Kilpatrick’s cavalry came up against Lt. Gen. William Hardee’s corps’consisting of Taliaferro’s and McLaw’s infantry divisions and Wheeler’s dismounted cavalry’deployed across the Raleigh Road near Smithville. After feeling out the Confederate defenses, Kilpatrick withdrew and called for infantry support. During the night, four divisions of the XX Corps arrived to confront the Confederates. At dawn, March 16, the Federals advanced on a division front, driving back skirmishers, but they were stopped by the main Confederate line and a counterattack. Mid-morni"
NC020,Bentonville,Bentonsville,NC,3/19/1865,3/21/1865,Campaign of the Carolina's,Union Victory,35.3059,-78.3231,Wikidata Q620244,"While Slocum’s advance was stalled at Averasborough by Hardee’s troops, the right wing of Sherman’s army under command of Maj. Gen. O.O. Howard marched toward Goldsborough. On March 19, Slocum encountered the entrenched Confederates of Gen. Joseph E. Johnston who had concentrated to meet his advance at Bentonville. Late afternoon, Johnston attacked, crushing the line of the XIV Corps. Only strong counterattacks and desperate fighting south of the Goldsborough Road blunted the Confederate offensive. Elements of the XX Corps were thrown into the action as they arrived on the field. Five Confeder"
ND001,Big Mound,,ND,7/24/1863,7/24/1863,Operations Against the Sioux In North Dakota,Union Victory,,,,"Brig. Gen. Henry Hastings Sibley led his troops from Fort Ridgely, Minnesota, into the Dakotas, pursuing the Santee Sioux, who had initiated an uprising in the Minnesota River Valley in August 1862. The Santee had joined forces with the Teton Sioux. Having marched all day on July 24, 1863, Sibley’s scouts, around 1:00 pm, reported that they had spotted a large Native American camp a few miles away. Sibley established a camp on a nearby salt lake and set his men to entrenching it for protection. While in the process of making camp, numerous Native Americans appeared expressing friendship. A num"
ND002,Dead Buffalo Lake,,ND,7/26/1863,7/26/1863,Operations Against the Sioux In North Dakota,Union Victory,,,,"Following the Battle of Big Mound on July 24, 1863, Brig. Gen. Henry Hastings Sibley and his men moved their camp about four miles and then rested till the next day. The morning of the 26th they set out and after marching about 14 miles, found the Sioux ready for battle. At first, the fighting was long range because the Native Americans refrained from closing with the soldiers. The Native Americans did attempt to flank the left side of the camp and run off the mules. The Mounted Rangers and infantry, though, after heavy fighting, compelled the Native Americans to abandon their intentions. Foll"
ND003,Stony Lake,,ND,7/28/1863,7/28/1863,Operations Against the Sioux In North Dakota,Union Victory,47.285171,-97.9080747,"OpenStreetMap: Stony Lake, Willow Lake Township, Steele County, North Dakota, United States","Following the Battle of Dead Buffalo Lake, Brig. Gen. Henry Hastings Sibley continued his march after the retreating Sioux until he reached Stony Lake, where his animals’ exhaustion compelled him to encamp. On the 28th, the force had started out in pursuit again when Sibley discovered that a large number of Sioux was moving upon him. He ordered the men to make defensive preparations, which many had already accomplished. In the face of enemy, Sibley now resumed his march. The Sioux searched for weak points in the soldiers position. Finding none, the Sioux rode off at great speed, preventing pur"
ND004,Whitestone Hill,,ND,9/3/1863,9/4/1863,Operations Against the Sioux In North Dakota,Union Victory,46.2608543,-97.6908711,"OpenStreetMap: Whitestone Hill, Gwinner, Whitestone Hill Township, Sargent County, North Dakota, United States","Following Brig. Gen. Henry Hastings Sibley’s victories over the Sioux, he left the area, crossing the James River. The Sioux then recrossed the Missouri River and returned to their old hunting grounds. Brig. Gen. Alfred Sully decided to find these Sioux and punish them, if possible. By September 3, Sully reached a lake where he found numerous remains of recently killed buffalo. A 6th Iowa Cavalry detachment discovered a Native American camp of more than 400 lodges, about 3:00 pm, which they endeavored to surround until a courier could inform Sully. Word reached Sully around 4:00 pm, and he set"
ND005,Killdeer Mountain,Tahkahokuty Mountain,ND,7/28/1864,7/29/1864,Sully's Expedition Against Indians in Dakota Terri,Union Victory,47.5089027,-102.877132,"OpenStreetMap: North Killdeer Mountain, Dunn County, North Dakota, United States","Brig. Gen. Alfred Sully, who had defeated the recalcitrant Sioux at Whitestone Hill in September 1863, wintered on the Missouri River. During the winter, Sully’s superior, Maj. Gen. John Pope, formulated a plan for ending the difficulties with the Sioux. He would order a force of about 2,500 men, commanded by Sully, into the field to find the Native Americans and engage them in battle. In addition, he would send infantry behind Sully’s force to establish strong-posts in the ’Indian country.’ Thus, Minnesota troops were ordered to meet Sully’s force at the mouth of Burdache Creek on the Upper M"
NM001,Valverde,,NM,2/20/1862,2/21/1862,Sobley's New Mexico Operations,Confederate Victory,33.633333333,-107.011388888,Wikidata Q531346,"Brig. Gen. Henry H. Sibley led his force of 2,500 men across the Rio Grande River and up the east side of the river to the ford at Valverde, north of Fort Craig, New Mexico, hoping to cut Federal communications between the fort and military headquarters in Santa Fe. Union Col. E.R.S. Canby left Fort Craig with more than 3,000 men to prevent the Confederates from crossing the river. When he was opposite them, across the river, Canby opened fire and sent Union cavalry over, forcing the Rebels back. The Confederates halted their retirement at the Old Rio Grande riverbed, which served as an excell"
NM002,Glorieta Pass,La Glorieta Pass,NM,3/26/1862,3/28/1862,Sobley's New Mexico Operations,Union Victory,35.571666666,-105.755,Wikidata Q580651,"Glorieta Pass was a strategic location, situated at the southern tip of the Sangre de Cristo Mountains, southeast of Santa Fe, and on the Santa Fe Trail. In March 1862, a Confederate force of 200-300 Texans under the command of Maj. Charles L. Pyron encamped at Johnson’s Ranch, at one end of the pass. Union Maj. John M. Chivington led more than 400 soldiers to the Pass and on the morning of March 26 moved out to attack. After noon, Chivington’s men captured some Rebel advance troops and then found the main force behind them. Chivington advanced on them, but their artillery fire threw him back."
OH001,Buffington Island,St. Georges Creek,OH,7/19/1863,7/19/1863,Morgan's Raid in Kentucky Indiana and Ohio,Union Victory,39.0025,-81.775,Wikidata Q2245714,"On July 13, Morgan’s raiders crossed into Ohio at Harrison, pursued by several columns of Union cavalry under overall direction of Brig. Gen. Edward H. Hobson. On July 19, Kautz’s and Judah’s brigades attacked Morgan near Buffington Island. During the night, Morgan and about 400 men escaped encirclement by following a narrow woods path. The rest of his force surrendered."
OH002,Salineville,"New Lisbon, New Lisbon Road, Wellsville",OH,7/26/1863,7/26/1863,Morgan's Raid in Kentucky Indiana and Ohio,Union Victory,40.62055556,-80.90166667,Wikidata Q2688934,"After escaping encirclement at Buffington’s Island with about 400 of his men, Morgan continued east and north, attempting to find a safe crossing over the Ohio River. With several columns of Union cavalry in hot pursuit, Morgan passed through Salineville, riding down the railroad toward Smith’s Ford. Turning onto the New Lisbon Road, Morgan’s raiders were finally cut off. Morgan surrendered. During this raid, Morgan and his men captured and paroled about 6,000 Union soldiers and militia, destroyed 34 bridges, disrupted the railroads at more than 60 places, and diverted tens of thousands of tro"
OK001,Round Mountain,Round Mountains,OK,11/19/1861,11/19/1861,Operations in the Indian Territory,Confederate Victory,36.13,-96.2869,Wikidata Q1387925,"Col. Douglas H. Cooper, Confederate commander of the Indian Department, had not been able to reconcile differences with Chief Opothleyahola, who commanded a band of Unionist Creeks and Seminoles. Cooper set out on November 15, 1861, with about 1,400 men to either compel submission . . . or ’drive him and his party from the country.’ His force rode up the Deep Fork of the Canadian River towards Chief Opothleyahola’s camp which they found deserted. On the 19th, Cooper learned from captured prisoners that part of Chief Opothleyahola’s band was at the Red Fork of the Arkansas River, where they wer"
OK002,Chusto-Talasah,Caving Banks,OK,12/9/1861,12/9/1861,Operations in the Indian Territory,Confederate Victory,36.2823,-95.9502,Wikidata Q1870843,"Following Chief Opothleyahola and his Union force’s defeat at Round Mountain, he retreated northeastward, in search of safety. On December 9, 1861, the force was at Chusto-Talasah, or Caving Banks, on the Horseshoe Bend of Bird Creek when Col. Douglas H. Cooper’s 1,300 Confederates attacked Chief Opothleyahola around 2:00 pm. Chief Opothleyahola knew Cooper was coming and had placed his troops in a strong position at Horseshoe Bend. For almost four hours, Cooper attacked and attempted to outflank the Federals, finally driving them east across Bird Creek just before dark. Cooper camped there ov"
OK003,Chustenahlah,,OK,12/26/1861,12/26/1861,Operations in the Indian Territory,Confederate Victory,36.3878,-96.0752,Wikidata Q4522192,"Confederate troops had undertaken a campaign to subdue the Native American Union sympathizers in Indian Territory and consolidate control. They had attacked Chief Opothleyahola’s band of Creeks and Seminoles earlier at Round Mountain and Chusto-Talasah. Now, they wanted to finish them off by assaulting them in their camp at Chustenahlah in a well-protected cove on Battle Creek. Col. James McQueen McIntosh and Col. Douglas H. Cooper, commanding the Indian Department, planned a combined attack with each of their columns moving on the camp from different directions. McIntosh left Fort Gibson on D"
OK004,Old Fort Wayne,"Beatties Prairie, Beaty's Prairie",OK,10/22/1862,10/22/1862,Confederate Offensive North of Boston Mountains,Union Victory,36.368,-94.6478,Wikidata Q4871939,"Brig. Gen. James G. Blunt and his troops attacked Col. Douglas H. Cooper and his Confederate command on Beatties Prairie near Old Fort Wayne at 7:00 am on October 22, 1862. The Confederates put up stiff resistance for a half hour, but overwhelming numbers forced them to retire from the field in haste, leaving artillery and equipage behind. This was a setback in the 1862 Confederate offensive that extended from the tidewater in the east to the plains of the Indian Territory of the west."
OK005,Middle Boggy Depot,Middle Boggy,OK,2/13/1864,2/13/1864,Red River Campaign,Union Victory,,,,"While on an expedition in February 1864 to meet, defeat or destroy Confederate forces in Indian Territory, Union Maj. Charles Willette and his troops surprised a Confederate force at Middle Boggy Depot on February 13. Although poorly armed, the Rebels made a determined stand for a half hour before retiring. The Union forces killed 47 Confederates during this short fight. Fear of the arrival of fresh Confederate forces influenced the Federals to retire to Fort Gibson. During Col. John F. Phillips’s Indian Territory expedition, he and his men fought with and dispersed numerous Confederate forces"
OK006,Cabin Creek,,OK,7/1/1863,7/2/1863,Operations to Control Indian Territory,Union Victory,36.48899,-95.121603,Wikidata Q2127666,"Col. James M. Williams of the First Kansas Colored Infantry led a Union supply train from Fort Scott, Kansas, to Fort Gibson, Oklahoma (then Indian Territory). As he approached the crossing of Cabin Creek, he learned that Confederate Col. Stand Watie, with about 1,600 to 1,800 men intended to assault him there. Watie was waiting for about 1,500 reinforcements under the command of Brig. Gen. William L. Cabell to join him before attacking the supply train. Cabell, however, was detained due to high water on Grand River. Cabin Creek also had high water, preventing a crossing at first, but when it "
OK007,Honey Springs,"Elk Creek, Shaw's Inn",OK,7/17/1863,7/17/1863,Operations to Control Indian Territory,Union Victory,35.5313,-95.4858,Wikidata Q592752,"Union and Confederate troops had frequently skirmished in the vicinity of Honey Springs Depot. The Union commander in the area, Maj. Gen. James G. Blunt, correctly surmised that Confederate forces, mostly Native American troops under the command of Brig. Gen. Douglas H. Cooper, were about to concentrate and would then attack his force at Fort Gibson. He decided to defeat the Confederates at Honey Springs Depot before they were joined by Brig. Gen. William Cabell’s brigade, advancing from Fort Smith, Arkansas. Blunt began crossing the swollen Arkansas River on July 15, 1863, and, by midnight on"
PA001,Hanover,,PA,6/30/1863,6/30/1863,Gettysburg Campaign,Indecisive,39.80099,-76.98247,Wikidata Q770565,"Maj. Gen. J.E.B. Stuart’s cavalry, which was riding north to get around the Union army, attacked a Union cavalry regiment, driving it through the streets of Hanover. Brig. Gen. Farnsworth’s brigade arrived and counterattacked, routing the Confederate vanguard and nearly capturing Stuart himself. Stuart counterattacked. Reinforced by Brig. Gen. George A. Custer’s brigade, Farnsworth held his ground, and a stalemate ensued. Stuart was forced to continue north and east to get around the Union cavalry, further delaying his attempt to rejoin Lee’s army which was then concentrating at Cashtown Gap w"
PA002,Gettysburg,,PA,7/1/1863,7/3/1863,Gettysburg Campaign,Union Victory,39.811388888,-77.225833333,Wikidata Q33132,"Gen. Robert E. Lee concentrated his full strength against Maj. Gen. George G. Meade’s Army of the Potomac at the crossroads county seat of Gettysburg. On July 1, Confederate forces converged on the town from west and north, driving Union defenders back through the streets to Cemetery Hill. During the night, reinforcements arrived for both sides. On July 2, Lee attempted to envelop the Federals, first striking the Union left flank at the Peach Orchard, Wheatfield, Devil’s Den, and the Round Tops with Longstreet’s and Hill’s divisions, and then attacking the Union right at Culp’s and East Cemete"
SC001,Fort Sumter I,,SC,4/12/1861,4/14/1861,Operations in Charleston Harbor,Indecisive,32.75241,-79.87496,Wikidata Q543165,"On April 10, 1861, Brig. Gen. Beauregard, in command of the provisional Confederate forces at Charleston, South Carolina, demanded the surrender of the Union garrison of Fort Sumter in Charleston Harbor. Garrison commander Anderson refused. On April 12, Confederate batteries opened fire on the fort, which was unable to reply effectively. At 2:30 pm, April 13, Major Anderson surrendered Fort Sumter, evacuating the garrison on the following day. The bombardment of Fort Sumter was the opening engagement of the American Civil War. Although there were no casualties during the bombardment, one Union"
SC002,Secessionville,"Ft. Lamar, James Island",SC,6/16/1862,6/16/1862,Operations Against Charleston,Confederate Victory,32.70388889,-79.94805556,Wikidata Q2965192,"Early June 1862, Maj. Gen. David Hunter transported Horatio G. Wright’s and Isaac I. Stevens’s Union divisions under immediate direction of Brig. Gen. Henry Benham to James Island where they entrenched at Grimball’s Landing near the southern flank of the Confederate defenses. On June 16, contrary to Hunter’s orders, Benham launched an unsuccessful frontal assault against Fort Lamar at Secessionville. Because Benham was said to have disobeyed orders, Hunter relieved him of command."
SC003,Simmon's Bluff,,SC,6/21/1862,6/21/1862,Operations Against Charleston,Union Victory,32.69527778,-80.22805556,Wikidata Q2160111,"In June, the Federals besieging Charleston mounted an amphibious expedition to cut the Charleston & Savannah Railroad. On June 21, troops of the 55th Pennsylvania landed from the gunboat Crusader and transport Planter near Simmon’s Bluff on Wadmelaw Sound, surprising and burning an encampment of the 16th South Carolina Infantry. The Confederates scattered, and the Federals returned to their ships. Despite this minor victory, the Federals abandoned their raid on the railroad. Although a bloodless raid, this engagement typified scores of similar encounters that occurred along the South Carolina "
SC004,Charleston Harbor I,Fort Sumter,SC,4/7/1863,4/7/1863,Operations Against Defenses of Charleston,Confederate Victory,32.7524,-79.8749,Wikidata Q3910850,"In April, Maj. Gen. David Hunter prepared his land forces on Folly, Cole's, and North Edisto Islands to cooperate with a naval bombardment of Fort Sumter. On April 7, the South Atlantic Squadron under Rear Admiral S.F. Du Pont bombarded Fort Sumter, having little impact on the Confederate defenses of Charleston Harbor. Although several of Hunter’s units had embarked on transports, the infantry were not landed, and the joint operation was abandoned. The ironclad warships Keokuk, Weehawken, Passaic, Montauk, Patapsco, New Ironsides, Catskill, Nantucket, and Nahant participated in the bombardment"
SC005,Fort Wagner I,"First Assault, Morris Island",SC,7/10/1863,7/11/1863,Operations Against Defenses of Charleston,Confederate Victory,32.73,-79.871,Wikidata Q1954336,"On July 10, Union artillery on Folly Island together with Rear Adm. John Dahlgren’s fleet of ironclads opened fire on Confederate defenses of Morris Island. The bombardment provided cover for Brig. Gen. George C. Strong’s brigade, which crossed Light House Inlet and landed by boats on the southern tip of the island. Strong’s troops advanced, capturing several batteries, to within range of Confederate Fort Wagner. At dawn, July 11, Strong attacked the fort. Soldiers of the 7th Connecticut reached the parapet but, unsupported, were thrown back."
SC006,Grimball's Island,"Seccessionville, James Island",SC,7/16/1863,7/16/1863,Operations Against Defenses of Charleston,Indecisive,32.70388889,-79.94805556,Wikidata Q2965192,"To divert Confederate reinforcements from a renewed attack on Fort Wagner, Gen. Gillmore designed two feints. An amphibious force ascended Stono River to threaten the Charleston & Savannah Railroad bridge. A second force, consisting of Terry’s division, landed on James Island on July 8. Terry demonstrated against the Confederate defenses. On July 16, the Confederates attacked Terry’s camp at Grimball’s Landing. Because of incomplete reconnaissance of the difficult, marshy ground, the disorganized Confederate attack was soon aborted. Their mission accomplished, Federal troops withdrew from the "
SC007,Fort Wagner II/Morris Island,"Second Assault, Morris Island",SC,7/18/1863,7/18/1863,Operations Against Defenses of Charleston,Confederate Victory,,,,"After the July 11 assault on Fort Wagner failed, Gillmore reinforced his beachhead on Morris Island. At dusk July 18, Gillmore launched an attack spearheaded by the 54th Massachusetts Infantry, a black regiment. The unit’s colonel, Robert Gould Shaw, was killed. Members of the brigade scaled the parapet but after brutal hand-to-hand combat were driven out with heavy casualties. The Federals resorted to siege operations to reduce the fort. This was the fourth time in the war that black troops played a crucial combat role, proving to skeptics that they would fight bravely if only given the chanc"
SC008,Fort Sumter II,"Charleston Harbor, Morris Island",SC,8/17/1863,9/8/1863,Operations Against Defenses of Charleston,Indecisive,32.75241,-79.87496,Wikidata Q543165,"Federal batteries erected on Morris Island opened fire on August 17 and continued their bombardment of Fort Sumter and the Charleston defenses until August 23. Despite a severe pounding, Fort Sumter’s garrison held out. Siege operations continued against Fort Wagner on Morris Island."
SC009,Charleston Harbor II,"Battery Gregg, For Wagner, Morris Island, Fort Sumter",SC,9/5/1863,9/8/1863,Operations Against Defenses of Charleston,Confederate Victory,32.7524,-79.8749,Wikidata Q3910850,"During the night of September 6-7, Confederate forces evacuated Fort Wagner and Battery Gregg pressured by advancing Federal siegeworks. Federal troops then occupied all of Morris Island. On September 8, a storming party of about 400 marines and sailors attempted to surprise Fort Sumter. The attack was repulsed."
SC010,Honey Hill,,SC,11/30/1864,11/30/1864,Breckenridge's Advance into East Tennessee,Confederate Victory,32.486,-80.9343,Wikidata Q2236699,"Leaving Hilton Head on November 28, a Union expeditionary force under Maj. Gen. John P. Hatch steamed up the Broad River in transports to cut the Charleston & Savannah Railroad near Pocotaligo. Hatch disembarked at Boyd’s Landing and marched inland. On November 30, Hatch encountered a Confederate force of regulars and militia under Col. Charles J. Colcock at Honey Hill. Determined attacks by U.S. Colored Troops (including the 54th Massachusetts) failed to capture the Confederate entrenchments or cut the railroad. Hatch retired after dark, withdrawing to his transports at Boyd’s Neck."
SC011,Rivers' Bridge,"Salkehatchie River, Hickory Hill, Owens' Crossroads, Lawtonville, Duck Creek",SC,2/2/1865,2/3/1865,Campaign of the Carolina's,Union Victory,33.05277778,-81.09972222,Wikidata Q2036970,"On February 2, a Confederate force under McLaws held the crossings of the Salkehatchie River against the advance of the right wing of Sherman’s Army. Federal soldiers began building bridges across the swamp to bypass the road block. In the meantime, Union columns worked to get on the Confederates’ flanks and rear. On February 3, two Union brigades waded the swamp downstream and assaulted McLaws’s right. McLaws retreated toward Branchville after stalling Sherman’s advance for only one day."
TN001,Fort Henry,,TN,2/6/1862,2/6/1862,Union Penetration Up the Cumberland & Tennessee Ri,Union Victory,36.5186,-88.0391,Wikidata Q1366089,"By February 1862, Fort Henry, a Confederate earthen fort on the Tennessee River with outdated guns, was partially inundated and the river threatened to flood the rest. On February 4-5, Brig. Gen. U.S. Grant landed his divisions in two different locations, one on the east bank of the Tennessee River to prevent the garrison’s escape and the other to occupy the high ground on the Kentucky side which would insure the fort’s fall; Flag-Officer Andrew H. Foote’s seven gunboats began bombarding the fort. Brig. Gen. Lloyd Tilghman, commander of the fort’s garrison, realized that it was only a matter o"
TN002,Fort Donelson,,TN,2/12/1862,2/16/1862,Union Penetration Up the Cumberland & Tennessee Ri,Union Victory,36.493055555,-87.856111111,Wikidata Q601359,"After capturing Fort Henry on February 6, 1862, Brig. Gen. Ulysses S. Grant advanced cross-country to invest Fort Donelson. On February 16, 1862, after the failure of their all-out attack aimed at breaking through Grant’s investment lines, the fort’s 12,000-man garrison surrendered unconditionally. This was a major victory for Brig. Gen. Ulysses S. Grant and a catastrophe for the South. It ensured that Kentucky would stay in the Union and opened up Tennessee for a Northern advance along the Tennessee and Cumberland rivers. Grant received a promotion to major general for his victory and attaine"
TN003,Shiloh,Pittsburg Landing,TN,4/6/1862,4/7/1862,Union Penetration Up the Cumberland & Tennessee Ri,Union Victory,35.1153617,-88.3617085,"OpenStreetMap: Shiloh, Hardin County, West Tennessee, Tennessee, 38376, United States","As a result of the fall of Forts Henry and Donelson, Confederate Gen. Albert Sidney Johnston, the commander in the area, was forced to fall back, giving up Kentucky and much of West and Middle Tennessee. He chose Corinth, Mississippi, a major transportation center, as the staging area for an offensive against Maj. Gen. Ulysses S. Grant and his Army of the Tennessee before the Army of the Ohio, under Maj. Gen. Don Carlos Buell, could join it. The Confederate retrenchment was a surprise, although a pleasant one, to the Union forces, and it took Grant, with about 40,000 men, some time to mount a "
TN004,Memphis I,,TN,6/6/1862,6/6/1862,Joint Operations Against New Madrid Island No. 10,Union Victory,35.1291,-90.1558,Wikidata Q1387983,"After the Confederate River Defense Fleet, commanded by Capt. James E. Montgomery and Brig. Gen. M. Jeff Thompson (Missouri State Guard), bested the Union ironclads at Plum Run Bend, Tennessee, on May 10, 1862, they retired to Memphis. Confederate Gen. P.G.T. Beauregard ordered troops out of Fort Pillow and Memphis on June 4, after learning of Union Maj. Gen. Henry W. Halleck’s occupation of Corinth, Mississippi. Thompson’s few troops, camped outside Memphis, and Montgomery’s fleet were the only force available to meet the Union naval threat to the city. From Island No. 45, just north of Memph"
TN005,Chattanooga I,,TN,6/7/1862,6/8/1862,Confederate Heartland Offensive,Union Victory,35.0651,-85.3088,Wikidata Q2443807,"In late Spring 1862, the Confederacy split its forces in Tennessee into several small commands in an attempt to complicate Federal operations. The Union had to redistribute its forces to counter the Confederate command structure changes. Maj. Gen. Ormsby Mitchel received orders to go to Huntsville, Alabama, with his division to repair railroads in the area. Soon, he occupied more than 100 miles along the Nashville & Chattanooga and Memphis & Charleston railroads. In May, Mitchel and his men sparred with Maj. Gen. Edmund Kirby Smith’s men. After Mitchel received command of all Federal troops be"
TN006,Murfreesboro I,"Wilkinson Pike, Cedars",TN,7/13/1862,7/13/1862,Confederate Heartland Offensive,Union Victory,35.847,-86.393,Wikidata Q2897821,"On June 10, 1862, Maj. Gen. Don Carlos Buell commanding the Army of the Ohio, started a leisurely advance toward Chattanooga, which Union Brig. Gen. James Negley and his force threatened on June 7-8. In response to the threat, the Confederate government sent Brig. Gen. Nathan Bedford Forrest to Chattanooga to organize a cavalry brigade. By July, Confederate cavalry under the command of Forrest and Col. John Hunt Morgan were raiding into Middle Tennessee and Kentucky. Perhap, the most dramatic of these cavalry raids was Forrest’s capture of the Union Murfreesboro garrison on July 13, 1862. Forr"
TN007,Hatchie's Bridge,"Davis Bridge, Matamora",TN,10/6/1862,10/6/1862,Iuka and Corinth Operations,Union Victory,,,,"Maj. Gen. Earl Van Dorn’s Confederate Army of West Tennessee retreated from Corinth on October 4, 1862. Maj. Gen. William S. Rosecrans did not send forces in pursuit until the morning of the 5th. Maj. Gen. Edward O.C. Ord, commanding a detachment of the Army of West Tennessee, was, pursuant to orders, advancing on Corinth to assist Rosecrans. On the night of October 4-5, he camped near Pocahontas. Between 7:30 and 8:00 am the next morning, his force encountered Union Maj. Gen. Stephen A. Hurlbut’s 4th Brigade, Army of West Tennessee, in the Confederates’s front. Ord took command of the now-com"
TN008,Hartsville,,TN,12/7/1862,12/7/1862,Stones River Campaign,Confederate Victory,36.3777,-86.1743,Wikidata Q2454284,"The 39th Brigade, XIV Army Corps, was guarding the Cumberland River crossing at Hartsville to prevent Confederate cavalry from raiding. Under the cover of darkness, Brig. Gen. John H. Morgan crossed the river in the early morning of December 7, 1862. Col. Absalom B. Moore, commander of the 39th Brigade, stated in his after action report, that Morgan’s advance had worn Union blue uniforms which got them through the videttes. Morgan approached the Union camp, the pickets sounded the alarm, and held the Rebels until the brigade was in battle line. The fighting commenced at 6:45 am and continued u"
TN009,Jackson,,TN,12/19/1862,12/19/1862,Forrest's Expedition Into West Tennessee,Confederate Victory,32.2875,-90.2,Wikidata Q2043320,"The engagement at Jackson occurred during Brig. Gen. Nathan Bedford Forrest’s Expedition into West Tennessee, between December 11, 1862, and January 1, 1863. Forrest wished to interrupt the rail supply line to Maj. Gen. Ulysses S. Grant’s army, campaigning down the Mississippi Central Railroad. If he could destroy the Mobile & Ohio Railroad running south from Columbus, Kentucky, through Jackson, Grant would have to curtail or halt his operations. Forrest’s 2,100-man cavalry brigade crossed the Tennessee River on December 15-17, heading west. Maj. Gen. Grant ordered a troop concentration at Jac"
TN010,Stones River,Murfreesboro,TN,12/31/1862,1/2/1863,Stones River Campaign,Union Victory,35.868472222,-86.430555555,Wikidata Q1272132,"After Gen. Braxton Bragg’s defeat at Perryville, Kentucky, October 8, 1862, he and his Confederate Army of the Mississippi retreated, reorganized, and were redesignated as the Army of Tennessee. They then advanced to Murfreesboro, Tennessee, and prepared to go into winter quarters. Maj. Gen. William S. Rosecrans’s Union Army of the Cumberland followed Bragg from Kentucky to Nashville. Rosecrans left Nashville on December 26, with about 44,000 men, to defeat Bragg’s army of more than 37,000. He found Bragg’s army on December 29 and went into camp that night, within hearing distance of the Rebel"
TN011,Parker's Cross Roads,,TN,12/31/1862,12/31/1862,Forrest's Expedition Into West Tennessee,Confederate Victory,35.793,-88.393,Wikidata Q2556972,"As Brig. Gen. Nathan Bedford Forrest’s expedition into West Tennessee neared its conclusion, Union Brig. Gen. Jeremiah C. Sullivan, with the brigades of Col. Cyrus L. Dunham and Col. John W. Fuller, attempted to cut Forrest off from withdrawing across the Tennessee River. Dunham’s and Forrest’s march routes, on December 31, 1862, brought them into contact at Parker’s Cross Roads. Skirmishing began about 9:00 am, with Forrest taking an initial position along a wooded ridge northwest of Dunham at the intersection. Confederate artillery gained an early advantage. Dunham pulled his brigade back a "
TN012,Dover,Fort Donelson,TN,2/3/1863,2/3/1863,Middle Tennessee Operations,Union Victory,36.48485,-87.85747,Wikidata Q2352722,"Under orders, in late January 1863, Confederate Maj. Gen. Joseph Wheeler, commanding two brigades of cavalry, had taken position on the Cumberland River at Palmyra to disrupt Union shipping. The Federals, however, apprised of Wheeler’s intent, refrained from sending any boats up or downriver. Unable to disrupt Union shipping and realizing that he and his men could not remain in the area indefinitely, Wheeler decided to attack the garrison at Dover, Tennessee, which informers reported was small and could easily be overwhelmed. The Rebels set out for Dover and between 1:00 and 2:00 pm, on Februa"
TN013,Thompson's Station,,TN,3/4/1863,3/5/1863,Middle Tennessee Operations,Confederate Victory,35.798,-86.9063,Wikidata Q2608018,"In a period of relative inactivity following the Battle of Stones River, a reinforced Union infantry brigade, under Col. John Coburn, left Franklin to reconnoiter south toward Columbia. Four miles from Spring Hill, Coburn attacked with his right wing, a Confederate force composed of two regiments; he was repelled. Then, Maj. Gen. Van Dorn seized the initiative. Brig. Gen. W.H. ’Red’ Jackson’s dismounted 2nd Division made a frontal attack, while Brig. Gen. Nathan Bedford Forrest’s division swept around Coburn’s left flank, and into his rear. After three attempts, characterized by hard fighting,"
TN014,Vaught's Hill,Milton,TN,3/20/1863,3/20/1863,Middle Tennessee Operations,Union Victory,35.92523,-86.2047,Wikidata Q2095199,"During the inactivity following the Battle of Stones River, a Union brigade-sized reconnaissance force, under Col. Albert S. Hall, left Murfreesboro on March 18. Circling to the northeast, Hall encountered Confederate Brig. Gen. John Hunt Morgan’s cavalry command which caused him to fall back to a position east of Milton. Pursuing Hall, Morgan’s men caught up with him on the morning of the 20th, at Vaught’s Hill. Dismounted, Morgan struck at both Union flanks, even to the point of encircling Hall’s hilltop position. Hall conducted a perimeter defense and withstood all Confederate attacks, whic"
TN015,Brentwood,,TN,3/25/1863,3/25/1863,Middle Tennessee Operations,Confederate Victory,36.0363,-86.7855,Wikidata Q2213542,"Union Lt. Col. Edward Bloodgood held Brentwood, a station on the Nashville & Decatur Railroad, with 400 men on the morning of March 25, 1863, when Confederate Brig. Gen. Nathan B. Forrest, with a powerful column, approached the town. The day before, Forrest had ordered Col. J.W. Starnes, commanding the 2nd Brigade, to go to Brentwood, cut the telegraph, tear up railroad track, attack the stockade, and cut off any retreat. Forrest and the other cavalry brigade joined Bloodgood about 7:00 am on the 25th. A messenger from the stockade informed Bloodgood that Forrest’s men were about to attack and"
TN016,Franklin I,,TN,4/10/1863,4/10/1863,Middle Tennessee Operations,Union Victory,35.9174,-86.8733,Wikidata Q370671,"The 1863 engagement at Franklin was a reconnaissance in force by Confederate cavalry leader Maj. Gen. Earl Van Dorn coupled with an equally inept response by Union Maj. Gen. Gordon Granger. Van Dorn advanced northward from Spring Hill on May 10, making contact with Federal skirmishers just outside Franklin. Van Dorn’s attack was so weak that when Granger received a false report that Brentwood, to the north, was under attack, he believed it, and sent away most of his cavalry, thinking that the Confederate general was undertaking a diversion. When the truth became known’there was no threat to Br"
TN017,Hoover's Gap,Liberty Gap,TN,6/24/1863,6/26/1863,Tullahoma (of Middle Tennessee) Campaign,Union Victory,35.6305,-86.2454,Wikidata Q860502,"Following the Battle of Stones River, Maj. Gen. William S. Rosecrans, commanding the Army of the Cumberland, remained in the Murfreesboro area for five and one-half months. To counter the Yankees, Gen. Braxton Bragg, commander of the Army of Tennessee, established a fortified line along the Duck River from Shelbyville to Wartrace. On the Confederate right, infantry and artillery detachments guarded Liberty, Hoover’s, and Bellbuckle gaps through the mountains. Rosecrans’s superiors, fearing that Bragg might detach large numbers of men to help break the Siege of Vicksburg, urged him to attack th"
TN018,Chattanooga II,,TN,8/21/1863,8/21/1863,Chickamauga Campaign,Union Victory,35.0651,-85.3088,Wikidata Q2443807,"On August 16, 1863, Maj. Gen. William S. Rosecrans, commander of the Army of the Cumberland, launched a campaign to take Chattanooga. Col. John T. Wilder’s brigade of the Union 4th Division, XIV Army Corps marched to a location northeast of Chattanooga where the Confederates could see them, reinforcing Gen. Braxton Bragg’s expectations of a Union attack on the town from that direction. On August 21, Wilder reached the Tennessee River opposite Chattanooga and ordered the 18th Indiana Light Artillery to begin shelling the town. The shells caught many soldiers and civilians in town in church obse"
TN019,Blountsville,,TN,9/22/1863,9/22/1863,East Tennessee Campaign,Union Victory,,,,"Maj. Gen. Ambrose Burnside, commander of the Department of the Ohio, undertook an expedition into East Tennessee to clear the roads and gaps to Virginia, and, if possible, secure the saltworks beyond Abingdon. On September 22, Union Col. John W. Foster with his cavalry and artillery engaged Col. James E. Carter and his troops at Blountsville. Foster attacked at noon and in the four-hour battle, shelled the town and initiated a flanking movement, compelling the Confederates to withdraw. Blountsville was the initial step in the Union’s attempt to force Confederate Maj. Gen. Sam Jones and his com"
TN020,Blue Springs,,TN,10/10/1863,10/10/1863,East Tennessee Campaign,Union Victory,36.1934,-82.9373,Wikidata Q2411860,"Maj. Gen. Ambrose E. Burnside, commander of the Department of the Ohio, undertook an expedition into East Tennessee to clear the roads and passes to Virginia, and, if possible, secure the saltworks beyond Abingdon. In October, Confederate Brig. Gen. John S. Williams, with his cavalry force, set out to disrupt Union communications and logistics. He wished to take Bull’s Gap on the East Tennessee & Virginia Railroad. On October 3, while advancing on Bull’s Gap, he fought with Brig. Gen. Samuel P. Carter’s Union Cavalry Division, XXIII Army Corps, at Blue Springs, about nine miles from Bull’s Gap"
TN021,Wauhatchie,Brown's Ferry,TN,10/28/1863,10/29/1863,Reopening the Tennessee River,Union Victory,35.009722222,-85.374444444,Wikidata Q2501125,"In an effort to relieve Union forces besieged in Chattanooga, Maj. Gen. George H. Thomas and Maj. Gen. Ulysses S. Grant initiated the ’Cracker Line Operation’ on October 26, 1863. This operation required the opening of the road to Chattanooga from Brown’s Ferry on the Tennessee River with a simultaneous advance up Lookout Valley, securing the Kelley’s Ferry Road. Union Chief Engineer, Military Division of the Mississippi, Brig. Gen. William F. ’Baldy’ Smith, with Brig. Gen. John B. Turchin’s and Brig. Gen. William B. Hazen’s 1st and 2nd brigades, 3rd Division, IV Army Corps, was assigned the t"
TN022,Collierville,,TN,11/3/1863,11/3/1863,Operations on the Memphis and Charleston RR,Union Victory,35.042036,-89.6645266,"OpenStreetMap: Collierville, Shelby County, West Tennessee, Tennessee, 38017, United States","Four minor battles occurred in 1863 at Collierville, Tennessee, during a three-month period. The November 3 fight was intended to be a Confederate cavalry raid to break up the Memphis & Charleston Railroad behind Maj. Gen. William T. Sherman’s XV Army Corps, then in the process of marching to the relief of Chattanooga. But, when Brig. Gen. James R. Chalmers, leading a cavalry division riding up from Mississippi, learned that only two Union regiments defended Collierville, he decided to attack. Union Col. Edward Hatch possessed more men than Chalmers supposed, stationed at Collierville and at G"
TN023,Campbell's Station,,TN,11/16/1863,11/16/1863,Longstreet's Knoxville Campaign,Union Victory,35.8846,-84.1539,Wikidata Q1853552,"In early November 1863, Lt. Gen. James Longstreet, with two divisions and about 5,000 cavalry, was detached from the Confederate Army of Tennessee near Chattanooga to attack Maj. Gen. Ambrose E. Burnside’s Union Department of the Ohio troops at Knoxville, Tennessee. Following parallel routes, Longstreet and Burnside raced for Campbell’s Station, a hamlet where the Concord Road, from the south, intersected the Kingston Road to Knoxville. Burnside hoped to reach the crossroads first and continue on to safety in Knoxville; Longstreet planned to reach the crossroads and hold it, which would preven"
TN024,Chattanooga III,"Missionary Ridge, Lookout Mountain",TN,11/23/1863,11/25/1863,Chattanooga-Ringgold Campaign,Union Victory,35.0651,-85.3088,Wikidata Q2443807,"From the last days of September through October 1863, Gen. Braxton Bragg’s army laid siege to the Union army under Maj. Gen. William Rosecrans at Chattanooga, cutting off its supplies. On October 17, Maj. Gen. Ulysses S. Grant received command of the Western armies; he moved to reinforce Chattanooga and replaced Rosecrans with Maj. Gen. George Thomas. A new supply line was soon established. Maj. Gen. William T. Sherman arrived with his four divisions in mid-November, and the Federals began offensive operations. On November 23-24, Union forces struck out and captured Orchard Knob and Lookout Mo"
TN025,Fort Sanders,Fort Loudon,TN,11/29/1863,11/29/1863,Longstreet's Knoxville Campaign,Union Victory,35.9589,-83.9338,Wikidata Q2672202,"In attempting to take Knoxville, the Confederates decided that Fort Sanders was the only vulnerable place where they could penetrate Union Maj. Gen. Ambrose E. Burnside’s fortifications, which enclosed the city, and successfully conclude the siege, already a week long. The fort surmounted an eminence just northwest of Knoxville. Northwest of the fort, the land dropped off abruptly. Confederate Lt. Gen. James Longstreet believed he could assemble a storming party, undetected at night, below the fortifications and, before dawn, overwhelm Fort Sanders by a coup de main. Following a brief artiller"
TN026,Bean's Station,,TN,12/14/1863,12/14/1863,Longstreet's Knoxville Campaign,Confederate Victory,36.3248,-83.369,Wikidata Q962434,"Lt. Gen. James Longstreet abandoned the Siege of Knoxville, on December 4, 1863, and retreated northeast towards Rogersville, Tennessee. Union Maj. Gen. John G. Parke pursued the Confederates but not too closely. Longstreet continued to Rutledge on December 6 and Rogersville on the 9th. Parke sent Brig. Gen. J.M Shackelford on with about 4,000 cavalry and infantry to search for Longstreet. On the 13th, Shackelford was near Bean’s Station on the Holston River. Longstreet decided to go back and capture Bean’s Station. Three Confederate columns and artillery approached Bean’s Station to catch the"
TN027,Mossy Creek,,TN,12/29/1863,12/29/1863,Operations About Dandridge Tennessee,Union Victory,36.1444,-83.4423,Wikidata Q4787087,"Brig. Gen. Samuel D. Sturgis received a report on the night of December 28, 1863, that a brigade of enemy cavalry was in the neighborhood of Dandridge that afternoon. Surmising that the Rebel cavalry force was split, Sturgis decided to meet and defeat, and possibly capture, this portion of it. He ordered most of his troopers out toward Dandridge on two roads. After these troops had left, Maj. Gen. William T. Martin, commander of Longstreet’s Confederate cavalry, now reunited, attacked the remainder of Sturgis’s force at Mossy Creek, Tennessee, which included the First Brigade, Second Division,"
TN028,Dandridge,,TN,1/17/1864,1/17/1864,Operations About Dandridge Tennessee,Confederate Victory,36.0472,-83.3493,Wikidata Q2111889,"Union forces under Maj. Gen. John G. Parke advanced on Dandridge, Tennessee, near the East Tennessee & Virginia Railroad, on January 14, forcing Lt. Gen. James Longstreet’s Confederate troops to fall back. Longstreet, however, moved additional troops into the area on the 15th to meet the enemy and threaten the Union base at New Market. On the 16th, Brig. Gen. Samuel D. Sturgis, commanding the Cavalry Corps, Army of the Ohio, rode forward to occupy Kimbrough’s Crossroads. Within three or four miles of his objective, Sturgis’s cavalry met Rebel troops, forcing them back towards the crossroads. A"
TN029,Fair Garden,,TN,1/27/1864,1/28/1864,Operations About Dandridge Tennessee,Union Victory,35.8645,-83.5096,Wikidata Q2466734,"Since the Battle of Dandridge, the Union cavalry had moved to the south side of the French Broad River and had disrupted Confederate foraging and captured numerous wagons in that area. On January 25, 1864, Lt. Gen. James Longstreet, commander of the Department of East Tennessee, instructed his subordinates to do something to curtail Union operations south of the French Broad. On the 26th, Brig. Gen. Samuel D. Sturgis, having had various brushes with Confederate cavalry, deployed his troopers to watch the area fords. Two Confederate cavalry brigades and artillery advanced from Fair Garden in th"
TN030,Fort Pillow,,TN,4/12/1864,4/12/1864,Atlanta Campaign,Confederate Victory,35.6324,-89.8487,Wikidata Q1821843,"In April 1864, the Union garrison at Fort Pillow, a Confederate-built earthen fortification and a Union-built inner redoubt, overlooking the Mississippi River about forty river miles above Memphis, comprised 295 white Tennessee troops and 262 U.S. Colored Troops, all under the command of Maj. Lionel F. Booth. Confederate Maj. Gen. Nathan Bedford Forrest attacked the fort on April 12 with a cavalry division of approximately 2,500 men. Forrest seized the older outworks, with high knolls commanding the Union position, to surround Booth’s force. Rugged terrain prevented the gunboat New Era from pr"
TN031,Memphis II,,TN,8/21/1864,8/21/1864,Operations in Mobile Bat,Confederate Victory,35.1291,-90.1558,Wikidata Q1387983,"At 4:00 am on the morning of August 21, 1864, Maj. Gen. Nathan Bedford Forrest made a daring raid on Union-held Memphis, Tennessee, but it was not an attempt to capture the city, occupied by 6,000 Federal troops. The raid had three objectives: to capture three Union generals posted there; to release Southern prisoners from Irving Block Prison; and to cause the recall of Union forces from Northern Mississippi. Striking northwestward for Memphis with 2,000 cavalry, Forrest lost about a quarter of his strength because of exhausted horses. Surprise was essential. Taking advantage of a thick dawn f"
TN032,Johnsonville,,TN,11/3/1864,11/4/1864,Savannah Campaign,Confederate Victory,36.0708,-87.9757,Wikidata Q4871346,"In an effort to check the Union army’s advance through Georgia, Maj. Gen. Nathan Bedford Forrest led a 23-day raid culminating in an attack on the Yankee supply base at Johnsonville, Tennessee. Swinging north from Corinth, Mississippi, toward the Kentucky border and temporarily blockading the Tennessee River at Fort Herman, Forrest then moved southward along the Tennessee River’s west bank, capturing several U.S. steamers and a gunboat which he later had to abandon. On November 4, Forrest began positioning his artillery across the river from the Federal supply base and landing at Johnsonville."
TN033,Bull's Gap,,TN,11/11/1864,11/14/1864,Forrest's Raid Into West Tennessee,Confederate Victory,36.252,-83.081,Wikidata Q4870590,"In November 1864, Maj. Gen. John C. Breckinridge undertook an expedition into East Tennessee, anticipating that Confederate sympathizers would join his force and help drive the Yankees from the area. The Federals initially retired in front of this force and, on November 10, were at Bull’s Gap on the East Tennessee & Virginia Railroad. The Confederates attacked them on the morning of the 11th but were repulsed by 11:00 am. Artillery fire continued throughout the day. The next morning, both sides attacked; the Confederates sought to hit the Union forces in a variety of locations but they gained "
TN034,Columbia,,TN,11/24/1864,11/29/1864,Savannah Campaign,Confederate Victory,35.6163,-87.0488,Wikidata Q4870777,"Conflict near Columbia, during Hood’s 1864 Tennessee invasion, constituted a Confederate diversion as part of a maneuver designed to cross the Duck River upstream and interdict the Union army’s line of communications with Nashville. As Gen. John Bell Hood’s army advanced northeastward from Florence, Alabama, Maj. Gen. John M. Schofield’s force quickly withdrew from Pulaski to Columbia, arriving on November 24, just ahead of Forrest’s Rebel cavalry. The Federals built two lines of earthworks south of the town while skirmishing with enemy cavalry on November 24 and 25. Hood advanced his infantry"
TN035,Spring Hill,,TN,11/29/1864,11/29/1864,Savannah Campaign,Union Victory,35.7374,-86.9323,Wikidata Q4872423,"Spring Hill was the prelude to the Battle of Franklin. On the night of November 28, 1864, Gen. John Bell Hood’s Army of Tennessee marched toward Spring Hill to get astride Maj. Gen. John M. Schofield’s Union army’s life line. Cavalry skirmishing between Brig. Gen. James H. Wilson’s Union cavalry and Maj. Gen. Nathan Bedford Forrest’s Confederate troopers continued throughout the day as the Confederates advanced. On November 29, Hood’s infantry crossed Duck River and converged on Spring Hill. In the meantime, Maj. Gen. Schofield reinforced the troops holding the crossroads at Spring Hill. In la"
TN036,Franklin II,,TN,11/30/1864,11/30/1864,Savannah Campaign,Union Victory,35.9174,-86.8733,Wikidata Q370671,"Having lost a good opportunity at Spring Hill to hurt significantly the Union Army, Gen. John B. Hood marched in rapid pursuit of Maj. Gen. John M. Schofield’s retreating Union army. Schofield’s advance reached Franklin about sunrise on November 30 and quickly formed a defensive line in works thrown up by the Yankees in the spring of 1863, on the southern edge of town. Schofield wished to remain in Franklin to repair the bridges and get his supply trains over them. Skirmishing at Thompson’s Station and elsewhere delayed Hood’s march, but, around 4:00 pm, he marshaled a frontal attack against t"
TN037,Murfreesboro II,"Wilkinson Pike, Cedars",TN,12/5/1864,12/7/1864,Savannah Campaign,Union Victory,35.847,-86.393,Wikidata Q2897821,"In a last, desperate attempt to force Maj. Gen. William T. Sherman’s army out of Georgia, Gen. John Bell Hood led the Army of Tennessee north toward Nashville in November 1864. Although he suffered a terrible loss at Franklin, he continued toward Nashville. In operating against Nashville, he decided that destruction of the Nashville & Chattanooga Railroad and disruption of the Union army supply depot at Murfreesboro would help his cause. He sent Maj. Gen. Nathan Bedford Forrest, on December 4, with an expedition, composed of two cavalry divisions and Maj. Gen. William B. Bate’s infantry divisi"
TN038,Nashville,,TN,12/15/1864,12/16/1864,Savannah Campaign,Union Victory,36.0881,-86.8098,Wikidata Q1752689,"In a last desperate attempt to force Maj. Gen. William T. Sherman’s army out of Georgia, Gen. John Bell Hood led the Army of Tennessee north toward Nashville in November 1864. Although he suffered terrible losses at Franklin on November 30, he continued toward Nashville. By the next day, the various elements of Maj. Gen. George H. Thomas’s army had reached Nashville. Hood reached the outskirts of Nashville on December 2, occupied positions on a line of hills parallel to those of the Union and began erecting fieldworks. Union Army Engineer, Brig. Gen. James St. Clair Morton, had overseen the co"
TX001,Sabine Pass I,,TX,9/24/1862,9/25/1862,Operations to Blockade the Texas Coast,Union Victory,29.720513888,-93.870747222,Wikidata Q243640,"On September 23, 1862, the Union Steamer Kensington, Schooner Rachel Seaman, and Mortar Schooner Henry James appeared off the bar at Sabine Pass. The next morning, the two schooners crossed the bar, took position, and began firing on the Confederate shore battery. The shots from both land and shore fell far short of the targets. The ships then moved nearer until their projectiles began to fall amongst the Confederate guns. The Confederate cannons, however, still could not hit the ships. After dark, the Confederates evacuated, taking as much property as possible with them and spiking the four g"
TX002,Galveston I,,TX,10/4/1862,10/4/1862,Operations to Blockade the Texas Coast,Union Victory,29.339536,-94.767036,Wikidata Q609495,"The U.S. Navy began a blockade of Galveston Harbor in July 1861, but the town remained in Confederate hands for the next 14 months. At 6:00 am on October 4, 1862, Cdr. W.B. Renshaw, commanding the blockading ships in the Galveston Bay area, sent Harriet Lane into the harbor, flying a flag of truce. The intention was to inform the military authorities in Galveston that if the town did not surrender, the U.S. Navy ships would attack; a one-hour reply would be demanded. Col. Joseph J. Cook, Confederate military commander in the area, would not come out to the Union ship or send an officer to rece"
TX003,Galveston II,,TX,1/1/1863,1/1/1863,Confederate Offensive Against Galveston,Confederate Victory,29.339536,-94.767036,Wikidata Q609495,"Maj. Gen. John B. Magruder, who became the Confederate commander of military forces in Texas on November 29, 1862, gave the recapture of Galveston top priority. At 3:00 am on New Year’s Day, 1863, four Confederate gunboats appeared, coming down the bay toward Galveston. Soon afterward, the Rebels commenced a land attack. The Union forces in Galveston were three companies of the 42nd Massachusetts Volunteer Infantry Regiment under the command of Col. Isaac S. Burrell. The Confederates captured or killed all of them except for the regiment’s adjutant. They also took Harriet Lane, by boarding her"
TX005,Palmito Ranch,Palmito Hill,TX,5/12/1865,5/13/1865,Expedition From Brazos Santiago,Confederate Victory,25.94667,-97.28528,Wikidata Q48776,"Since March 1865, a gentleman’s agreement precluded fighting between Union and Confederate forces on the Rio Grande. In spite of this agreement, Col. Theodore H. Barrett, commanding forces at Brazos Santiago, Texas, dispatched an expedition, composed of 250 men of the 62nd U.S. Colored Infantry Regiment and 50 men of the 2nd Texas Cavalry Regiment under the command of Lt. Col. David Branson, to the mainland, on May 11, 1865, to attack reported Rebel outposts and camps. Prohibited by foul weather from crossing to Point Isabel as instructed, the expedition crossed to Boca Chica much later. At 2:"
TX006,Sabine Pass II,,TX,9/8/1863,9/8/1863,Operations to Blockade the Texas Coast,Confederate Victory,29.720513888,-93.870747222,Wikidata Q243640,"About 6:00 am on the morning of September 8, 1863, a Union flotilla of four gunboats and seven troop transports steamed into Sabine Pass and up the Sabine River with the intention of reducing Fort Griffin and landing troops to begin occupying Texas. As the gunboats approached Fort Griffin, they came under accurate fire from six cannons. The Confederate gunners at Fort Griffin had been sent there as a punishment. To break the day-to-day monotony, the gunners practiced firing artillery at range markers placed in the river. Their practice paid off. Fort Griffin’s small force of 44 men, under comm"
VA001,Sewell's Point,,VA,5/18/1861,5/19/1861,Union Blockade of Chesapeake Bay,Indecisive,36.954722222,-76.326666666,Wikidata Q840254,"Two Union gunboats, including USS Monticello, dueled with Confederate batteries on Sewell’s Point in an attempt to enforce the blockade of Hampton Roads. The two sides did each other little harm."
VA002,Aquia Creek,,VA,5/29/1861,6/1/1861,Union Blockade of Chesapeake Bay,Indecisive,38.3893,-77.3157,Wikidata Q774532,"Three Union naval vessels bombarded Confederate batteries near the mouth of Aquia Creek that were built to protect the northern terminus of the railroad to Richmond. Confederates feared a landing of troops, but this did not materialize. Results of the bombardment were inconclusive, although the batteries were later withdrawn."
VA003,Big Bethel,"Bethel Church, Great Bethel",VA,6/10/1861,6/10/1861,Union Blockade of Chesapeake Bay,Confederate Victory,37.0937,-76.425,Wikidata Q794695,"This was the first land battle in Virginia. Maj. Gen. Benjamin F. Butler sent converging columns from Hampton and Newport News against advanced Confederate outposts at Little and Big Bethel. Confederates abandoned Little Bethel and fell back to their entrenchments behind Brick Kiln Creek, near Big Bethel Church. The Federals, under immediate command of Brig. Gen. Ebenezer Pierce, pursued, attacked frontally along the road, and were repulsed. Crossing downstream, the 5th New York Zouaves attempted to turn the Confederate left flank, but were repulsed. Unit commander Col. T. Wynthrop was killed."
VA004,Blackburn's Ford,Bull Run,VA,7/18/1861,7/18/1861,Manassas Campaign,Confederate Victory,38.804166666,-77.449166666,Wikidata Q1497902,"On 16 July, 1862, the untried Union army under Brig. Gen. Irvin McDowell, 35,000 strong, marched out of the Washington defenses to give battle to the Confederate army, which was concentrated around the vital railroad junction at Manassas. The Confederate army, about 22,000 men, under the command of Brig. Gen. P.G.T. Beauregard, guarded the fords of Bull Run. On July 18, McDowell reached Centreville and pushed southwest, attempting to cross at Blackburn’s Ford. He was repulsed. This action was a reconnaissance-in-force prior to the main event at Manassas/Bull Run. Because of this action, Union "
VA005,Manassas I,First Bull Run,VA,7/21/1861,7/21/1861,Manassas Campaign,Confederate Victory,38.7509488,-77.4752667,"OpenStreetMap: Manassas, Virginia, United States","This was the first major land battle of the armies in Virginia. On July 16, 1861, the untried Union army under Brig. Gen. Irvin McDowell marched from Washington against the Confederate army, which was drawn up behind Bull Run beyond Centreville. On the 21st, McDowell crossed at Sudley Ford and attacked the Confederate left flank on Matthews Hill. Fighting raged throughout the day as Confederate forces were driven back to Henry Hill. Late in the afternoon, Confederate reinforcements (one brigade arriving by rail from the Shenandoah Valley) extended and broke the Union right flank. The Federal r"
VA006,Ball's Bluff,"Harrison's Island, Leesburg",VA,10/21/1861,10/21/1861,McClellan's Operations in Northern Virginia,Confederate Victory,39.131525,-77.527428,Wikidata Q1497909,Confederate Brig. Gen. Nathan ’Shanks’ Evans stopped a badly coordinated attempt by Union forces under Brig. Gen. Charles P. Stone to cross the Potomac at Harrison’s Island and capture Leesburg. A timely Confederate counterattack drove the Federals over the bluff and into the river. More than 700 Federals were captured. Col. Edward D. Baker (a U.S. Senator) was killed. This Union rout had severe political ramifications in Washington and led to the establishment of the Congressional Joint Committee on the Conduct of the War.
VA007,Dranesville,,VA,12/20/1861,12/20/1861,McClellan's Operations in Northern Virginia,Union Victory,38.995472222,-77.337194444,Wikidata Q2781626,"Brig. Gen. J.E.B. Stuart led a brigade-sized mixed force of cavalry, infantry, and artillery to protect a foraging expedition in the vicinity of Dranesville. Union Brig. Gen. E.O.C. Ord, advancing on the Georgetown Pike, encountered Stuart’s cavalry. Both sides deployed as more units arrived on the field, and a sharp firefight developed. Stuart withdrew in the mid-afternoon after ensuring that his wagons were safely in the rear."
VA008,Hampton Roads,"Monitor vs. Virginia (Merimack), Battle of the Ironclads",VA,3/8/1862,3/9/1862,Peninsula Campaign,Indecisive,36.983333333,-76.319722222,Wikidata Q868481,"On March 8, 1862, from her berth at Norfolk, the Confederate ironclad Virginia steamed into Hampton Roads where she sank Cumberland and ran Congress aground. On March 9, the Union ironclad Monitor having fortuitously arrived to do battle, initiated the first engagement of ironclads in history. The two ships fought each other to a standstill, but Virginia retired."
VA009,Yorktown,,VA,4/5/1862,5/4/1862,Peninsula Campaign,Indecisive,37.2356655,-76.5136495,"OpenStreetMap: Yorktown, York County, Virginia, United States","Marching from Fort Monroe, Maj. Gen. George B. McClellan’s army encountered Maj. Gen. John B. Magruder’s small Confederate army at Yorktown behind the Warwick River. Magruder’s theatrics convinced the Federals that his works were strongly held. McClellan suspended the march up the Peninsula toward Richmond, ordered the construction of siege fortifications, and brought his heavy siege guns to the front. In the meantime, Gen. Joseph E. Johnston brought reinforcements for Magruder. On 16 April, Union forces probed a weakness in the Confederate line at Lee’s Mill or Dam No. 1, resulting in about 3"
VA010,Williamsburg,Fort Magruder,VA,5/5/1862,5/5/1862,Peninsula Campaign,Indecisive,37.2642,-76.6659,Wikidata Q2140288,"In the first pitched battle of the Peninsula Campaign, nearly 41,000 Federals and 32,000 Confederates were engaged. Following up the Confederate retreat from Yorktown, Hooker’s division encountered the Confederate rearguard near Williamsburg. Hooker assaulted Fort Magruder, an earthen fortification alongside the Williamsburg Road, but was repulsed. Confederate counterattacks, directed by Maj. Gen. James Longstreet, threatened to overwhelm the Union left flank, until Kearny’s division arrived to stabilize the Federal position. Hancock’s brigade then moved to threaten the Confederate left flank,"
VA011,Eltham's Landing,"Barhamsville, West Point",VA,5/7/1862,5/7/1862,Peninsula Campaign,Indecisive,37.5002,-76.8423,Wikidata Q1639975,"Franklin’s Union division landed at Eltham’s Landing and was attacked by two brigades of Smith’s command, reacting to the threat to the Confederate army’s trains on the Barhamsville Road. Franklin’s movement occurred while the Confederate army was withdrawing from the Williamsburg line."
VA012,Drewry's Bluff,"Fort Darling, Fort Drewry",VA,5/15/1862,5/15/1862,Peninsula Campaign,Confederate Victory,37.4211,-77.4229,Wikidata Q1362294,"With the fall of Yorktown, the Confederate ironclad Virginia at Norfolk was scuttled to prevent her capture. This opened the James River to Federal gunboats. On May 15, five gunboats, including the ironclads Monitor and Galena, steamed up the James to test the Richmond defenses. They encountered submerged obstacles and deadly accurate fire from the batteries at Drewry’s Bluff, which inflicted severe damage on the Galena. The Federal Navy was turned back."
VA013,Hanover Court House,Slash Church,VA,5/27/1862,5/27/1862,Peninsula Campaign,Union Victory,37.7222,-77.3763,Wikidata Q2096968,"On May 27, 1862, elements of Brig. Gen. Fitz John Porter’s V Corps extended north to protect the right flank of McClellan’s Union army that now straddled the Chickahominy River. Porter’s objective was to cut the railroad and to open the Telegraph Road for Union reinforcements under Maj. Gen. Irvin McDowell that were marching south from Fredericksburg. Confederate forces, attempting to prevent this maneuver, were defeated just south of Hanover Courthouse after a stiff fight. The Union victory was moot, however, for McDowell’s reinforcements were recalled to Fredericksburg upon word of Banks’s r"
VA014,Seven Pines,"Fair Oaks, Fair Oaks Station",VA,5/31/1862,6/1/1862,Peninsula Campaign,Indecisive,37.520555555,-77.301944444,Wikidata Q1550466,"On May 31, Gen. Joseph E. Johnston attempted to overwhelm two Federal corps that appeared isolated south of the Chickahominy River. The Confederate assaults, though not well coordinated, succeeded in driving back the IV Corps and inflicting heavy casualties. Reinforcements arrived, and both sides fed more and more troops into the action. Supported by the III Corps and Sedgwick’s division of Sumner’s II Corps (that crossed the rain-swollen river on Grapevine Bridge), the Federal position was finally stabilized. Gen. Johnston was seriously wounded during the action, and command of the Confederat"
VA015,Oak Grove,"French's Field, King's School House",VA,6/25/1862,6/25/1862,Peninsula Campaign,Indecisive,37.5154,-77.3292,Wikidata Q377681,"Oak Grove was the first of the Seven Days’ battles. On June 25, Maj. Gen. George B. McClellan advanced his lines along the Williamsburg Road with the objective of bringing Richmond within range of his siege guns. Union forces attacked over swampy ground with inconclusive results, and darkness halted the fighting. McClellan’s attack was not strong enough to derail the Confederate offensive that already had been set in motion. The next day, Lee seized the initiative by attacking at Beaver Dam Creek north of the Chickahominy."
VA016,Beaver Dam Creek,"Mechanicsville, Ellerson's Mill",VA,6/26/1862,6/26/1862,Peninsula Campaign,Union Victory,37.5985,-77.3599,Wikidata Q2168647,"Second of the Seven Days’ Battles. Gen. Robert E. Lee initiated his offensive against McClellan’s right flank north of the Chickahominy River. A.P. Hill threw his division, reinforced by one of D.H. Hill’s brigades, into a series of futile assaults against Brig. Gen. Fitz John Porter’s V Corps, which was drawn up behind Beaver Dam Creek. Confederate attacks were driven back with heavy casualties. Jackson’s Shenandoah Valley divisions, however, were approaching from the northwest, forcing Porter to withdraw the next morning to a position behind Boatswain Creek just beyond Gaines’ Mill."
VA017,Gaines' Mill,First Cold Harbor,VA,6/27/1862,6/27/1862,Peninsula Campaign,Confederate Victory,37.587645,-77.301367,"OpenStreetMap: Gaines Mill, New Cold Harbor, Hanover County, Virginia, 23111, United States","This was the third of the Seven Days’ Battles. On June 27, 1862, Gen. Robert E. Lee renewed his attacks against Porter’s V Corps, which had established a strong defensive line behind Boatswain’s Swamp north of the Chickahominy River. Porter’s reinforced V Corps held fast for the afternoon against disjointed Confederate attacks, inflicting heavy casualties. At dusk, the Confederates finally mounted a coordinated assault that broke Porter’s line and drove his soldiers back toward the river. The Federals retreated across the river during the night. Defeat at Gaines’ Mill convinced McClellan to ab"
VA018,Garnett's & Golding's Farms,,VA,6/27/1862,6/28/1862,Peninsula Campaign,Indecisive,,,,"While battle raged north of the Chickahominy River at Gaines’ Mill on June 27, Magruder demonstrated against the Union line south of the river at Garnett’s Farm. To escape an artillery crossfire, the Federal defenders from Maj. Gen. Samuel P. Heintzelman’s III Corps refused their line along the river. The Confederates attacked again near Golding’s Farm on the morning of June 28 but were easily repulsed. These ’fixing’ actions heightened the fear in the Union high command that an all out attack would be launched against them south of the river."
VA019,Savage's Station,,VA,6/29/1862,6/29/1862,Peninsula Campaign,Indecisive,37.52219,-77.27097,Wikidata Q3052708,"Fourth of the Seven Days’ Battles. On June 29, the main body of the Union army began a general withdrawal toward the James River. Magruder pursued along the railroad and the Williamsburg Road and struck Sumner’s Corps (the Union rearguard) with three brigades near Savage’s Station. Confederate Brig. Gen. Richard Giffith was mortally wounded during the fight. Jackson’s divisions were stalled north of the Chickahominy. Union forces continued to withdraw across White Oak Swamp, abandoning supplies and more than 2,500 wounded soldiers in a field hospital."
VA020a,White Oak Swamp,,VA,6/30/1862,6/30/1862,Peninsula Campaign,Indecisive,37.4708,-77.21025,Wikidata Q4872730,"The Union rearguard under Maj. Gen. William Franklin stopped Jackson’s divisions at the White Oak Bridge crossing, resulting in an artillery duel, while the main battle raged two miles farther south at Glendale or Frayser’s Farm. White Oak Swamp can be considered part of the Glendale engagement."
VA020b,Glendale,"Nelson's Farm, Frayser's Farm, Charles City Crossroads, White Oak Swamp, New Market Road, Riddell's Shop",VA,6/30/1862,6/30/1862,Peninsula Campaign,Indecisive,37.43791,-77.23812,Wikidata Q2000189,"This is the fifth of the Seven Days’ Battles. On June 30, Huger’s, Longstreet’s, and A.P. Hill’s divisions converged on the retreating Union army in the vicinity of Glendale or Frayser’s Farm. Longstreet’s and Hill’s attacks penetrated the Union defense near Willis Church, routing McCall’s division. McCall was captured. Union counterattacks by Hooker’s and Kearny’s divisions sealed the break and saved their line of retreat along the Willis Church Road. Huger’s advance was stopped on the Charles City Road. ’Stonewall’ Jackson’s divisions were delayed by Franklin at White Oak Swamp. Confederate "
VA021,Malvern Hill,Poindexter's Farm,VA,7/1/1862,7/1/1862,Peninsula Campaign,Union Victory,37.4125,-77.25,Wikidata Q1934345,"This was the sixth and last of the Seven Days’ Battles. On July 1, 1862, Gen. Robert E. Lee launched a series of disjointed assaults on the nearly impregnable Union position on Malvern Hill. The Confederates suffered more than 5,300 casualties without gaining an inch of ground. Despite his victory, McClellan withdrew to entrench at Harrison’s Landing on James River, where his army was protected by gunboats. This ended the Peninsula Campaign. When McClellan’s army ceased to threaten Richmond, Lee sent Jackson to operate against Maj. Gen. John Pope’s army along the Rapidan River, thus initiating"
VA022,Cedar Mountain,Belle Grove,VA,8/9/1862,8/9/1862,Northern Virginia Campaign,Confederate Victory,38.40137778,-78.0658,Wikidata Q429655,"Maj. Gen. John Pope was placed in command of the newly constituted Army of Virginia on June 26. Gen. Robert E. Lee responded to Pope’s dispositions by dispatching Maj. Gen. T.J. Jackson with 14,000 men to Gordonsville in July. Jackson was later reinforced by A.P. Hill’s division. In early August, Pope marched his forces south into Culpeper County with the objective of capturing the rail junction at Gordonsville. On August 9, Jackson and Maj. Gen. Nathaniel Banks’s corps tangled at Cedar Mountain with the Federals gaining an early advantage. A Confederate counterattack led by A.P. Hill repulsed"
VA023,Rappahannock Station I,"Waterloo Bridge, White Sulphur Springs, Lee Springs, Freeman's Ford",VA,8/22/1862,8/25/1862,Northern Virginia Campaign,Indecisive,38.533,-77.8136,Wikidata Q526697,"Early August, Lee determined that McClellan’s army was being withdrawn from the Peninsula to reinforce John Pope. He sent Longstreet from Richmond to join Jackson’s wing of the army near Gordonsville and arrived to take command himself on August 15. August 20-21, Pope withdrew to the line of the Rappahannock River. On August 23, Stuart’s cavalry made a daring raid on Pope’s headquarters at Catlett Station, showing that the Union right flank was vulnerable to a turning movement. Over the next several days, August 22-25, the two armies fought a series of minor actions along the Rappahannock Rive"
VA024,Manassas Station Operations,"Bull Run Bridge, Bristoe Station, Union Mills, Kettle Run",VA,8/26/1862,8/27/1862,Northern Virginia Campaign,Confederate Victory,38.7322,-77.5453,Wikidata Q967287,"On the evening of August 26, after passing around Pope’s right flank via Thoroughfare Gap, Jackson’s wing of the army struck the Orange & Alexandria Railroad at Bristoe Station and before daybreak August 27 marched to capture and destroy the massive Union supply depot at Manassas Junction. This surprise movement forced Pope into an abrupt retreat from his defensive line along the Rappahannock River. On August 27, Jackson routed a Union brigade near Union Mills (Bull Run Bridge), inflicting several hundred casualties and mortally wounding Union Brig. Gen. G.W. Taylor. Ewell’s Division fought a "
VA025,Thoroughfare Gap,Chapman's Mill,VA,8/28/1862,8/28/1862,Northern Virginia Campaign,Confederate Victory,38.8243,-77.7148,Wikidata Q2205730,"After skirmishing near Chapman’s Mill in Thoroughfare Gap, Brig. Gen. James Ricketts’s Union division was flanked by a Confederate column passing through Hopewell Gap several miles to the north and by troops securing the high ground at Thoroughfare Gap. Ricketts retired, and Longstreet’s wing of the army marched through the gap to join Jackson. This seemingly inconsequential action virtually ensured Pope’s defeat during the battles of Aug. 29-30 because it allowed the two wings of Lee’s army to unite on the Manassas battlefield. Ricketts withdrew via Gainesville to Manassas Junction."
VA026,Manassas II,"Manassas, Second Bull Run, Manassas Plans, Groverton, Gainesville, Brawner's Farm",VA,8/28/1862,8/30/1862,Northern Virginia Campaign,Confederate Victory,29.65199444,-82.32506667,Wikidata Q2469718,"In order to draw Pope’s army into battle, Jackson ordered an attack on a Federal column that was passing across his front on the Warrenton Turnpike on August 28. The fighting at Brawner Farm lasted several hours and resulted in a stalemate. Pope became convinced that he had trapped Jackson and concentrated the bulk of his army against him. On August 29, Pope launched a series of assaults against Jackson’s position along an unfinished railroad grade. The attacks were repulsed with heavy casualties on both sides. At noon, Longstreet arrived on the field from Thoroughfare Gap and took position on"
VA027,Chantilly,Ox Hill,VA,9/1/1862,9/1/1862,Northern Virginia Campaign,Indecisive,38.865,-77.37,Wikidata Q2420736,"Making a wide flank march, Jackson hoped to cut off the Union retreat from Bull Run. On September 1, beyond Chantilly Plantation on the Little River Turnpike near Ox Hill, Jackson sent his divisions against two Union divisions under Kearny and Stevens. Confederate attacks were stopped by fierce fighting during a severe thunderstorm. Union generals Stevens and Kearny were both killed. Recognizing that his army was still in danger at Fairfax Courthouse, Maj. Gen. Pope ordered the retreat to continue to Washington. With Pope no longer a threat, Lee turned his army west and north to invade Marylan"
VA028,Fredericksburg I,Marye's Heights,VA,12/11/1862,12/15/1862,Fredericksburg Campaign,Confederate Victory,38.295,-77.47,Wikidata Q751186,"On November 14, Burnside, now in command of the Army of the Potomac, sent a corps to occupy the vicinity of Falmouth near Fredericksburg. The rest of the army soon followed. Lee reacted by entrenching his army on the heights behind the town. On December 11, Union engineers laid five pontoon bridges across the Rappahannock under fire. On the 12th, the Federal army crossed over, and on December 13, Burnside mounted a series of futile frontal assaults on Prospect Hill and Marye’s Heights that resulted in staggering casualties. Meade’s division, on the Union left flank, briefly penetrated Jackson’"
VA029,Kelly's Ford,Kellysville,VA,3/17/1863,3/17/1863,Cavalry Operations Along the Rappahannock,Indecisive,38.47692,-77.77988,Wikidata Q2595291,"Kelly’s Ford was one of the early larger scale cavalry fights in Virginia that set the stage for Brandy Station and cavalry actions of the Gettysburg campaign. Twenty-one hundred troopers of Averell’s cavalry division crossed the Rappahannock River to attack the Confederate cavalry. Fitzhugh Lee counterattacked with a brigade of about 800 men. The ’Gallant’ Pelham was killed. After achieving a localized success, Union forces withdrew in mid-afternoon."
VA030,Suffolk II,Norfleet House Battery,VA,4/13/1863,5/14/1863,Longstreet's Tidewater Operations,Indecisive,36.7149,-76.5829,Wikidata Q4843853,"In cooperation with D.H. Hill’s advance on Washington, North Carolina, Lt. Gen. James Longstreet with Hood’s and Pickett’s divisions besieged the Union garrison at Suffolk commanded by Brig. Gen. John Peck. The Union works were formidable and manned by 25,000 men, opposed to Longstreet’s 20,000. On April 13, the Confederate troops pushed their left flank to the Nansemond River and constructed a battery on Hill’s Point, which closed off the garrison to Union shipping. On April 14, Union gunboats attempted to run the batteries at the Norfleet House slightly upstream, but Mount Washington was cri"
VA031,Suffolk I,"Fort Huger, Hill's Point",VA,4/19/1863,4/19/1863,Longstreet's Tidewater Operations,Indecisive,36.7149,-76.5829,Wikidata Q4843853,"On April 19, a Union infantry force landed on Hill’s Point at the confluence of the forks of the Nansemond River. This amphibious force assaulted Fort Huger from the rear, quickly capturing its garrison, thus reopening the river to Union shipping. On April 24, Brig. Gen. Michael Corcoran’s Union division mounted a reconnaissance-in-force from Fort Dix against Maj. Gen. George E. Pickett’s extreme right flank. The Federals approached cautiously and were easily repulsed. On April 29, Gen. Robert E. Lee directed Longstreet to disengage from Suffolk and rejoin the Army of Northern Virginia at Fred"
VA032,Chancellorsville,,VA,4/30/1863,5/6/1863,Chancellorsville Campaign,Confederate Victory,38.3105,-77.6484,Wikidata Q745979,"On April 27, Maj. Gen. Joseph Hooker led the V, XI, and XII Corps on a campaign to turn the Confederate left flank by crossing the Rappahannock and Rapidan Rivers above Fredericksburg. Passing the Rapidan via Germanna and Ely’s Fords, the Federals concentrated near Chancellorsville on April 30 and May 1. The III Corps was ordered to join the army via United States Ford. Sedgwick’s VI Corps and Gibbon’s division remained to demonstrate against the Confederates at Fredericksburg. In the meantime, Lee left a covering force under Maj. Gen. Jubal Early in Fredericksburg and marched with the rest of"
VA033,Salem Church,Banks' Ford,VA,5/3/1863,5/4/1863,Chancellorsville Campaign,Confederate Victory,38.288861111,-77.530944444,Wikidata Q2772670,"After occupying Marye’s Heights on May 3, Sedgwick’s VI Corps marched out on the Plank Road with the objective of reaching Hooker’s force at Chancellorsville. He was delayed by Wilcox’s brigade of Early’s force at Salem Church. During the afternoon and night, Lee detached two of his divisions from the Chancellorsville lines and marched them to Salem Church. Several Union assaults were repulsed the next morning with heavy casualties, and the Confederates counterattacked, gaining some ground. After dark, Sedgwick withdrew across two pontoon bridges at Scott’s Dam under a harassing artillery fire"
VA034,Fredericksburg II,Marye's Heights,VA,5/3/1863,5/3/1863,Chancellorsville Campaign,Union Victory,38.295,-77.47,Wikidata Q751186,"On May 1, Gen. Robert E. Lee left Maj. Gen. Jubal A. Early’s division to hold Fredericksburg, while marching with the rest of the army to meet Hooker’s main offensive thrust at Chancellorsville. On May 3, the Union VI Corps under Sedgwick, reinforced by John Gibbon’s II Corps division, having crossed the Rappahannock River, assaulted and carried the Confederate entrenchments on Marye’s Heights. The outnumbered Confederates withdrew and regrouped west and southeast of town."
VA035,Brandy Station,Fleetwood Hill,VA,6/9/1863,6/9/1863,Gettysburg Campaign,Indecisive,38.5075,-77.88,Wikidata Q748219,"At dawn June 9, the Union cavalry corps under Maj. Gen. Alfred Pleasonton launched a surprise attack on Stuart’s cavalry at Brandy Station. After an all-day fight in which fortunes changed repeatedly, the Federals retired without discovering Lee’s infantry camped near Culpeper. This battle marked the apogee of the Confederate cavalry in the East. From this point in the war, the Federal cavalry gained strength and confidence. Brandy Station was the largest cavalry battle of the war and the opening engagement of the Gettysburg Campaign."
VA036,Aldie,,VA,6/17/1863,6/17/1863,Gettysburg Campaign,Indecisive,38.9826,-77.6588,Wikidata Q766479,"Stuart’s cavalry screened the Confederate infantry as it marched north behind the sheltering Blue Ridge. The pursuing Federals of Kilpatrick’s brigade, in the advance of Gregg’s division, encountered Munford’s troopers near the village of Aldie, resulting in four hours of stubborn fighting. Both sides made mounted assaults by regiments and squadrons. Kilpatrick was reinforced in the afternoon, and Munford withdrew toward Middleburg."
VA037,Middleburg,,VA,6/17/1863,6/19/1863,Gettysburg Campaign,Indecisive,38.96785,-77.75973,Wikidata Q767157,"Maj. Gen. J.E.B. Stuart, screening Lee’s invasion route, sparred with Pleasonton’s cavalry. On the June 17, Col. Alfred Duffi’s isolated 1st Rhode Island Cavalry Regiment was attacked by the brigades of Munford and Robertson. The 1st Rhode Island Cavalry was routed, taking about 250 casualties. On June 19, J. Irvin Gregg’s brigade advanced, driving Stuart’s cavalry one mile beyond the town. Both sides were reinforced and mounted and dismounted skirmishing continued. Stuart was gradually levered out of his position but fell back to a second ridge, still covering the approaches to the Blue Ridge"
VA038,Upperville,,VA,6/21/1863,6/21/1863,Gettysburg Campaign,Indecisive,38.9851,-77.8343,Wikidata Q767520,"On June 21, Union cavalry made a determined effort to pierce Stuart’s cavalry screen. Hampton’s and Robertson’s brigades made a stand at Goose Creek, west of Middleburg, and beat back Gregg’s division. Buford’s column detoured to attack the Confederate left flank near Upperville but encountered William E. ’Grumble’ Jones’s and John R. Chambliss’s brigades while J.I. Gregg’s and Kilpatrick’s brigades advanced on the Upperville from the east along the Little River Turnpike. After furious mounted fighting, Stuart withdrew to take a strong defensive position in Ashby Gap, even as Confederate infan"
VA039,Auburn I,"Catlett's Station, St. Stephen's Church",VA,10/13/1863,10/13/1863,Bristoe Campaign,Indecisive,38.7,-77.7,Wikidata Q304655,"After the retreat from Gettysburg, the Confederate army concentrated behind Rapidan River in Orange County. The Federals advanced to Rappahannock River in August, and in mid- September they pushed strong columns forward to confront Lee along the Rapidan. Early September, Lee dispatched two divisions of Longstreet’s Corps to reinforce the Confederate army in Georgia; the Federals followed suite, sending the XI and XII Corps to Tennessee by railroad in late September after the Battle of Chickamauga (September 18-20). Early October, Lee began an offensive sweep around Meade’s right flank with his"
VA040,Bristoe Station,,VA,10/14/1863,10/14/1863,Bristoe Campaign,Union Victory,38.7234,-77.5418,Wikidata Q2170921,"On October 14, 1863, A.P. Hill’s corps stumbled upon two corps of the retreating Union army at Bristoe Station and attacked without proper reconnaissance. Union soldiers of the II Corps, posted behind the Orange & Alexandria Railroad embankment, mauled two brigades of Henry Heth’s division and captured a battery of artillery. Hill reinforced his line but could make little headway against the determined defenders. After this victory, the Federals continued their withdrawal to Centreville unmolested. Lee’s Bristoe offensive sputtered to a premature halt. After minor skirmishing near Manassas and"
VA041,Auburn II,Coffee Hill,VA,10/14/1863,10/14/1863,Bristoe Campaign,Indecisive,38.7,-77.7,Wikidata Q304655,"As the Federal army withdrew towards Manassas Junction, Owens and Smyth’s Union brigades (Warren’s II Corps) fought a rearguard action against Stuart’s cavalry and infantry of Harry Hays’s division near Auburn. Stuart’s cavalry boldly bluffed Warren’s infantry and escaped disaster. The II Corps pushed on to Catlett Station on the Orange & Alexandria Railroad."
VA042,Buckland Mills,"Buckland Races, Chestnut Hill",VA,10/19/1863,10/19/1863,Bristoe Campaign,Confederate Victory,38.74,-77.81,Wikidata Q2292185,"After defeat at Bristoe Station and an aborted advance on Centreville, Stuart’s cavalry shielded the withdrawal of Lee’s army from the vicinity of Manassas Junction. Union cavalry under Kilpatrick pursued Stuart’s cavalry along the Warrenton Turnpike but were lured into an ambush near Chestnut Hill and routed. The Federal troopers were scattered and chased five miles in an affair that came to be known as the ’Buckland Races.’"
VA043,Rappahannock Station II,,VA,11/7/1863,11/7/1863,Bristoe Campaign,Union Victory,38.533,-77.8136,Wikidata Q526697,"On November 7, the Union army forced passage of the Rappahannock River at two places. A dusk attack overran the Confederate bridgehead at Rappahannock Station, capturing more than 1,600 men of Jubal Early’s Division. Fighting at Kelly’s Ford was less severe with about 430 casualties, but the Confederates retreated allowing the Federals across in force. On the verge of going into winter quarters around Culpeper, Lee’s army retired instead into Orange County south of the Rapidan River. The Army of the Potomac occupied the vicinity of Brandy Station and Culpeper County."
VA044,Mine Run,"Payne's Farm, New Hope Church",VA,11/26/1863,12/2/1863,Mine Run Campaign,Indecisive,38.3379,-77.8187,Wikidata Q305409,"Payne’s Farm and New Hope Church were the first and heaviest clashes of the Mine Run Campaign. In late November 1863, Meade attempted to steal a march through the Wilderness and strike the right flank of the Confederate army south of the Rapidan River. Maj. Gen. Jubal A. Early in command of Ewell's Corps marched east on the Orange Turnpike to meet the advance of William French’s III Corps near Payne’s Farm. Carr’s division (US) attacked twice. Johnson’s division (CS) counterattacked but was scattered by heavy fire and broken terrain. After dark, Lee withdrew to prepared field fortifications al"
VA045,Morton's Ford,Rapidan River,VA,2/6/1864,2/7/1864,Demonstration on the Rapidan River,Indecisive,38.3746,-77.904,Wikidata Q2600151,"To distract attention from a planned cavalry-infantry raid up the Peninsula on Richmond, the Federal army forced several crossings of the Rapidan River on February 6. A II Corps division crossed at Morton’s Ford, the I Corps at Raccoon Ford. Union cavalry crossed at Robertson’s Ford. Ewell’s Corps resisted the crossings. Fighting was sporadic but most severe at Morton’s Ford. By February 7, the attacks had stalled, and the Federals withdrew during the night."
VA046,Wilderness,"Combas at Parker's Store, Craig's Meeting House, Todd's Tavern, Brock Road, The Furnaces",VA,5/5/1864,5/6/1864,Grant's Overland Campaign,Indecisive,38.3256854,-77.7258248,"OpenStreetMap: Wilderness, Spotsylvania County, Virginia, 22508, United States","The opening battle of Grant’s sustained offensive against the Confederate Army of Northern Virginia, known as the Overland Campaign, was fought at the Wilderness, May 5-7. On the morning of May 5, 1864, the Union V Corps attacked Ewell’s Corps on the Orange Turnpike, while A.P. Hill’s corps during the afternoon encountered Getty’s Division (VI Corps) and Hancock’s II Corps on the Plank Road. Fighting was fierce but inconclusive as both sides attempted to maneuver in the dense woods. Darkness halted the fighting, and both sides rushed forward reinforcements. At dawn on May 6, Hancock attacked a"
VA047,Port Walthall Junction,,VA,5/6/1864,5/7/1864,Bermuda Hundred Campaign,Union Victory,37.3116,-77.4028,Wikidata Q855628,"In conjunction with the opening of Grant’s Overland Campaign, Maj. Gen. Benjamin Butler’s Army of the James, 33,000 strong, disembarked from transports at Bermuda Hundred on May 5, threatening the Richmond-Petersburg Railroad. On May 6, Hagood’s brigade stopped initial Federal probes at Port Walthall Junction. On May 7, a Union division drove Hagood’s and Johnson’s brigades from the depot and cut the railroad at Port Walthall Junction. Confederate defenders retired behind Swift Run Creek and awaited reinforcements."
VA048,Spotsylvania Court House,"Combats at Laurel Hill and Corbin's Bridge, Ni River, Laurel Hill, Po River, Bloody Angle, Piney Branch Church, Harrison House, Harris Farm",VA,5/8/1864,5/21/1864,Grant's Overland Campaign,Indecisive,38.224166666,-77.598055555,Wikidata Q1538874,"After the Wilderness, Grant’s and Meade’s advance on Richmond by the left flank was stalled at Spotsylvania Court House on May 8. This two-week battle was a series of combats along the Spotsylvania front. The Union attack against the Bloody Angle at dawn, May 12-13, captured nearly a division of Lee’s army and came near to cutting the Confederate army in half. Confederate counterattacks plugged the gap, and fighting continued unabated for nearly 20 hours in what may well have been the most ferociously sustained combat of the Civil War. On May 19, a Confederate attempt to turn the Union right f"
VA049,Cloyd's Mountain,,VA,5/9/1864,5/9/1864,Crook-Averell Raid on the Virginia & Tennessee,Union Victory,37.17458333,-80.709,Wikidata Q4870766,"On May 9, Crook’s three brigades (6,100 men) on a raid into southwestern Virginia encountered a patchwork Confederate force under Brig. Gen. Albert Jenkins at Cloyd’s Mountain. Fighting was furious and hand-to-hand. Casualties were heavy for the size of the forces engaged: Union 10%, Confederate 23%. Jenkins was mortally wounded. Crook afterwards joined forces with Averell, who had burned the New River Bridge, and the united column withdrew to Meadow Bluff after destroying several important railroad bridges."
VA050,Swift Creek,Arrowfield Church,VA,5/9/1864,5/9/1864,Bermuda Hundred Campaign,Indecisive,37.2861,-77.4118,Wikidata Q2402094,"On May 9, Maj. Gen. Benjamin Butler made a thrust toward Petersburg and was met by Bushrod Johnson’s Division at Swift Creek. A premature Confederate attack at Arrowfield Church was driven back with heavy losses, but Union forces did not follow up. After skirmishing, Butler seemed content to tear up the railroad tracks and did not press the defenders. In conjunction with the advance to Swift Creek, five Federal gunboats steamed up the Appomattox River to bombard Fort Clifton, while Hincks’s U.S. Colored Troops infantry division struggled through marshy ground from the land side. The gunboats w"
VA051,Chester Station,,VA,5/10/1864,5/10/1864,Bermuda Hundred Campaign,Indecisive,37.35286111,-77.41225,Wikidata Q1972073,"On May 10, elements of Maj. Gen. Robert Ransom’s division conducted a reconnaissance-in-force against a portion of Butler’s army that was destroying the railroad at Chester Station. The Confederates attacked near the Winfree House, and the Federals retired to their Bermuda Hundred lines."
VA052,Yellow Tavern,,VA,5/11/1864,5/11/1864,Grant's Overland Campaign,Union Victory,37.6599,-77.4552,Wikidata Q176216,"As the battle between Grant and Lee raged at Spotsylvania Court House, the Union cavalry corps under Maj. Gen. Philip Sheridan embarked on a cavalry raid against Richmond. After disrupting Lee’s road and rail communications, Sheridan’s cavalry expedition climaxed with the battle of Yellow Tavern on May 11. The outnumbered Confederate cavalry was defeated, and Maj. Gen. J.E.B. Stuart was mortally wounded. Sheridan continued south to threaten the Richmond defenses before joining Butler’s command at Bermuda Hundred. After refitting, Sheridan rejoined the Army of the Potomac on May 25 for the marc"
VA053,Proctor's Creek,"Drewry's Bluff, Fort Darling",VA,5/12/1864,5/16/1864,Bermuda Hundred Campaign,Confederate Victory,37.3935,-77.4277,Wikidata Q2566024,"After his repulse at Swift Creek and Fort Clifton on May 9, Maj. Gen. Benjamin Butler withdrew into his entrenchments at Bermuda Hundred. A Confederate army of 18,000 was patched together under command of Gen. P.G.T. Beauregard to confront Butler’s 30,000. On May 12, Butler moved north against the Confederate line at Drewry’s Bluff but again adopted a defensive posture when his attack was not supported by gunboats. On the 13th a Union column struck the right flank of the Confederate line at the Wooldridge House, carrying a line of works. Butler remained cautious, however, giving Beauregard tim"
VA054,Ware Bottom Church,,VA,5/20/1864,5/29/1864,Bermuda Hundred Campaign,Confederate Victory,37.34444444,-77.39138889,Wikidata Q3542881,"On May 20, Confederate forces under Gen. P.G.T. Beauregard attacked Butler’s Bermuda Hundred line near Ware Bottom Church. About 10,000 troops were involved in this action. After driving back Butler’s advanced pickets, the Confederates constructed the Howlett Line, effectively bottling up the Federals at Bermuda Hundred. Confederate victories at Proctor’s Creek and Ware Bottom Church enabled Beauregard to detach strong reinforcements for Lee’s army in time for the fighting at Cold Harbor."
VA055,North Anna,"Telegraph Road Bridge, Jericho Mill, Ox Ford, Quarles Mill, Hanover Junction",VA,5/23/1864,5/26/1864,Grant's Overland Campaign,Indecisive,37.8862,-77.4943,Wikidata Q601317,"After the fighting at Spotsylvania Court House, Grant continued his Overland Offensive against Lee’s Army of Northern Virginia. He was brought up short on the North Anna River by Lee’s widely studied ’hog snout line,’ which forced Grant to divide his army into three parts in order to attack. On May 23, 1864, one of A.P. Hill’s divisions assaulted the V Corps which had crossed the river at Jericho Mill, resulting in bloody see-saw fighting. On the 24th, Union infantry was repulsed at Ox Ford (the snout) but advanced to near the Doswell House on the Confederate right. Lee hoped to strike an offe"
VA056,Wilson's Wharf,Fort Pocahontas,VA,5/24/1864,5/24/1864,Grant's Overland Campaign,Union Victory,37.3067,-76.9967,Wikidata Q1886301,"On May 24, Fitzhugh Lee’s cavalry division (about 3,000 men) attacked the Union supply depot at Wilson’s Wharf and was repulsed by two black regiments under Brig. Gen. Edward Wild (about 1,800 men)."
VA057,Totopotomoy Creek,"Bethesda Church, Crumps Creek, Matadequin Creek, Shady Grove Road, Hanovertown",VA,5/28/1864,5/30/1864,Grant's Overland Campaign,Indecisive,37.634,-77.2987,Wikidata Q152158,"Operations along Totopotomoy Creek opened with cavalry combats at the Pamunkey River crossing at Dabney’s Ferry (Hanovertown) and at Crump’s Creek on May 27. During the cavalry fight at Haw’s Shop on May 28, Union and Confederate infantry arrived in the vicinity. The Confederates entrenched behind Totopotomoy Creek. On the 29th, the Union II, IX, and V Corps probed Lee’s position along the creek, while the VI Corps felt its way toward Hanover Court House. Early on the 30th, the VI Corps turned south to come in on the far right flank of the Union line (II Corps) but bogged down in swampy Crump’"
VA058,Haw's Shop,Enon Church,VA,5/28/1864,5/28/1864,Grant's Overland Campaign,Indecisive,37.676,-77.3118,Wikidata Q135468,"Gregg’s cavalry division, supported by Torbert’s division, advanced to cover the Army of the Potomac’s crossing of the Pamunkey River and movement toward Totopotomoy Creek. Fitzhugh Lee’s and Hampton’s cavalry divisions, later reinforced by Butler’s South Carolina brigade, met the Federals at Enon Church. After seven hours of mostly dismounted cavalry fighting, the Federal advance was stopped. Both Confederate and Union infantry began arriving in the vicinity as the cavalry fighting raged."
VA059,Old Church,Matadequin Creek,VA,5/30/1864,5/30/1864,Grant's Overland Campaign,Union Victory,37.6444,-77.2209,Wikidata Q195118,"With the armies stalemated along the Totopotomoy Creek line, the Federal cavalry began probing east and south. On May 30, Torbert’s Division attacked and defeated Butler's Brigade near Old Church. Butler's troopers were driven steadily back on the road to Old Cold Harbor, opening the door for Sheridan’s capture of the important crossroads the next day."
VA062,Cold Harbor,Second Cold Harbor,VA,5/31/1864,6/12/1864,Grant's Overland Campaign,Confederate Victory,37.59,-77.285,Wikidata Q497797,"On May 31, Sheridan’s cavalry seized the vital crossroads of Old Cold Harbor. Early on June 1, relying heavily on their new repeating carbines and shallow entrenchments, Sheridan’s troopers threw back an attack by Confederate infantry. Confederate reinforcements arrived from Richmond and from the Totopotomoy Creek lines. Late on June 1, the Union VI and XVIII Corps reached Cold Harbor and assaulted the Confederate works with some success. By June 2, both armies were on the field, forming on a seven-mile front that extended from Bethesda Church to the Chickahominy River. At dawn June 3, the II "
VA063,Petersburg II,Assault on Petersburg,VA,6/15/1864,6/18/1864,Richmand-Petersburg Campaign,Confederate Victory,37.1776,-77.4774,Wikidata Q4462586,"Marching from Cold Harbor, Meade’s Army of the Potomac crossed the James River on transports and a 2,200-foot long pontoon bridge at Windmill Point. Butler’s leading elements (XVIII Corps and Kautz’s cavalry) crossed the Appomattox River at Broadway Landing and attacked the Petersburg defenses on June 15. The 5,400 defenders of Petersburg under command of Gen. P.G.T. Beauregard were driven from their first line of entrenchments back to Harrison Creek. After dark the XVIII Corps was relieved by the II Corps. On June 16, the II Corps captured another section of the Confederate line; on the 17th,"
VA064,Lynchburg,,VA,6/17/1864,6/18/1864,Lynchburg Campaign,Confederate Victory,37.3845,-79.1832,Wikidata Q4871619,"From Lexington, Maj. Gen. David Hunter advanced against the Confederate rail and canal depots and the hospital complex at Lynchburg. Reaching the outskirts of town on June 17, his first tentative attacks were thwarted by the timely arrival by rail of Lt. Gen. Jubal A. Early’s II Corps vanguard from Charlottesville. Hunter withdrew the next day after sporadic fighting because of a critical shortage of supplies. His line of retreat through West Virginia took his army out of the war for nearly a month and opened the Shenandoah Valley for a Confederate advance into Maryland."
VA065,Jerusalem Plank Road,First Battle of Weldon Railroad,VA,6/21/1864,6/23/1864,Richmand-Petersburg Campaign,Union Victory,37.1844,-77.3767,Wikidata Q4871326,"On June 21, the Union II Corps, supported by the VI Corps, attempted to cut the Weldon Railroad, one of the major supply lines into Petersburg. The movement was preceded by Wilson’s cavalry division which began destroying tracks. On June 22, troops from Lt. Gen. A.P. Hill’s corps led by Brig. Gen. William Mahone counterattacked, forcing the II Corps away from the railroad to positions on the Jerusalem Plank Road. Although the Federals were driven from their advanced positions, they were able to extend their siege lines farther to the west."
VA066,Saint Mary's Church,,VA,6/24/1864,6/24/1864,Grant's Overland Campaign,Indecisive,37.4322,-77.1506,Wikidata Q2470074,"On June 24, Maj. Gen. Wade Hampton’s cavalry attempted to cut off Sheridan’s cavalry returning from their raid to Trevilian Station. Sheridan fought a delaying action to protect a long supply train under his protection, then rejoined the Union army at Bermuda Hundred."
VA067,Sappony Church,Stony Creek Depot,VA,6/28/1864,6/28/1864,Richmand-Petersburg Campaign,Confederate Victory,36.94588889,-77.45305556,Wikidata Q4872312,"Maj. Gen. William H.F. ’Rooney’ Lee’s cavalry division pursued Wilson’s and Kautz’s raiders who failed to destroy the Staunton River Bridge on June 25. Wilson and Kautz headed east and, on June 28, crossed the Nottoway River at the Double Bridges and headed north to Stony Creek Depot on the Weldon Railroad. Here, they were attacked by Maj. Gen. Wade Hampton’s cavalry division. Later in the day, William H.F. Lee’s Division arrived to join forces with Hampton, and the Federals were heavily pressured. During the night, Wilson and Kautz disengaged and pressed north on the Halifax Road for the supp"
VA068,Ream's Station I,Reams' Station,VA,6/29/1864,6/29/1864,Richmand-Petersburg Campaign,Confederate Victory,37.0959,-77.4226,Wikidata Q5452530,"Early morning June 29, Brig. Gen. August Kautz’s division reached Ream’s Station on the Weldon Railroad, which was thought to be held by Union infantry. Instead, Kautz found the road barred by Mahone’s Confederate infantry division. Wilson’s division, fighting against elements of William H.F. ’Rooney’ Lee’s cavalry, joined Kautz’s near Ream’s Station, where they were virtually surrounded. About noon, Mahone’s infantry assaulted their front while Fitzhugh Lee’s cavalry division threatened the Union left flank. The raiders burned their wagons and abandoned their artillery. Separated by the Confe"
VA069,Deep Bottom I,"Darbytown, Stawberry Plains, New Market Road, Gravel Hill",VA,7/27/1864,7/27/1864,Richmand-Petersburg Campaign,Confederate Victory,37.4359,-77.2609,Wikidata Q5452508,"During the night of July 26-27, the Union II Corps and two divisions of Sheridan’s cavalry under command of Maj. Gen. Winfield Scott Hancock crossed to the north side of James River to threaten Richmond. This demonstration diverted Confederate forces from the impending attack at Petersburg on July 30. Union efforts to turn the Confederate position at New Market Heights and Fussell’s Mill were abandoned when the Confederates strongly reinforced their lines and counterattacked. During the night of July 29, the Federals recrossed the river leaving a garrison as heretofore to hold the bridgehead a"
VA070,Crater,The Mine,VA,7/30/1864,7/30/1864,Richmand-Petersburg Campaign,Confederate Victory,37.1805571,-77.371993,"OpenStreetMap: Addison Crater Woods, Petersburg, Virginia, United States","After weeks of preparation, on July 30 the Federals exploded a mine in Burnside’s IX Corps sector beneath Pegram’s Salient, blowing a gap in the Confederate defenses of Petersburg. From this propitious beginning, everything deteriorated rapidly for the Union attackers. Unit after unit charged into and around the crater, where soldiers milled in confusion. The Confederates quickly recovered and launched several counterattacks led by Maj. Gen. William Mahone. The break was sealed off, and the Federals were repulsed with severe casualties. Ferrarro’s division of black soldiers was badly mauled. T"
VA071,Deep Bottom II,"New Market Road, Fussell's Mill, Bailey's Creek, Charles City Road, White's Tavern",VA,8/13/1864,8/20/1864,Richmand-Petersburg Campaign,Confederate Victory,37.4359,-77.2609,Wikidata Q5452508,"During the night of August 13-14, the Union II Corps, X Corps, and Gregg’s cavalry division, all under command of Maj. Gen. Winfield Scott Hancock, crossed James River at Deep Bottom to threaten Richmond, coordinating with a movement against the Weldon Railroad at Petersburg. On August 14, the X Corps closed on New Market Heights while the II Corps extended the Federal line to the right along Bailey’s Creek. During the night, the X Corps was moved to the far right flank of the Union line near Fussell’s Mill. On August 16, Union assaults near Fussell’s Mill were initially successful, but Confed"
VA072,Globe Tavern,"Second Battle of Weldon Railroad, Yellow Tavern, Yellow House, Blick's Station",VA,8/18/1864,8/21/1864,Richmand-Petersburg Campaign,Union Victory,37.1747,-77.4203,Wikidata Q4871114,"While Hancock’s command demonstrated north of the James River at Deep Bottom, the Union V Corps and elements of the IX and II Corps under command of Maj. Gen. G.K. Warren were withdrawn from the Petersburg entrenchments to operate against the Weldon Railroad. At dawn August 18, Warren advanced, driving back Confederate pickets until reaching the railroad at Globe Tavern. In the afternoon, Maj. Gen. Henry Heth’s division attacked driving Ayres’s division back toward the tavern. Both sides entrenched during the night. On August 19, Maj. Gen. William Mahone, whose division had been hastily return"
VA073,Ream's Station II,Reams' Station,VA,8/25/1864,8/25/1864,Richmand-Petersburg Campaign,Confederate Victory,37.0959,-77.4226,Wikidata Q5452530,"On August 24, Union II Corps moved south along the Weldon Railroad, tearing up track, preceded by Gregg’s cavalry division. On August 25, Maj. Gen. Henry Heth attacked and overran the faulty Union position at Ream’s Station, capturing 9 guns, 12 colors, and many prisoners. The old II Corps was shattered. Maj. Gen. Winfield Scott Hancock withdrew to the main Union line near the Jerusalem Plank Road, bemoaning the declining combat effectiveness of his troops."
VA074,Peebles' Farm,"Poplar Springs Church, Wyatt's Farm, Chappell's House, Pegram's Farm, Vaughan Road",VA,9/30/1864,10/2/1864,Richmand-Petersburg Campaign,Union Victory,37.1705,-77.4537,Wikidata Q4872004,"In combination with Maj. Gen. Benjamin Butler’s offensive north of the James River, Lt. Gen. Ulysses S. Grant extended his left flank to cut Confederate lines of communication southwest of Petersburg. Two divisions of the IX corps under Maj. Gen. John G. Parke, two divisions of the V Corps under Maj. Gen. G.K. Warren, and Brig. Gen. David M. Gregg’s cavalry division were assigned to the operation. On September 30, the Federals marched via Poplar Spring Church to reach Squirrel Level and Vaughan Roads. The initial Federal attack overran Fort Archer, flanking the Confederates out of their Squirr"
VA075,Chaffin's Farm / New Market Heights,"Combats at New Market Heights, Fort Harrison, Fort Johnson, Fort Gilmer, Laurel Hill",VA,9/29/1864,9/30/1864,Richmand-Petersburg Campaign,Union Victory,,,,"During the night of September 28-29, Maj. Gen. Benjamin Butler’s Army of the James crossed James River to assault the Richmond defenses north of the river. The columns attacked at dawn. After initial Union successes at New Market Heights and Fort Harrison, the Confederates rallied and contained the breakthrough. Lee reinforced his lines north of the James and, on September 30, he counterattacked unsuccessfully. The Federals entrenched, and the Confederates erected a new line of works cutting off the captured forts. Union general Burnham was killed. As Grant anticipated, Lee shifted troops to m"
VA076,Saltville I,,VA,10/2/1864,10/2/1864,Hood's Operations Against Sherman's Communications,Union Victory,36.8857,-81.7592,Wikidata Q3401918,"Union cavalry and infantry raiders led by Brig. Gen. Stephen Burbridge attempted to destroy the saltworks near Saltville. He was delayed at Clinch Mountain and Laurel Gap by a makeshift Confederate force, enabling Brig. Gen. Alfred E. Jackson to concentrate troops near Saltville to meet him. On the morning of October 1, the Federals attacked but made little headway. Confederate reinforcements continued to arrive during the day. After day-long fighting, Burbridge retired without accomplishing his objective. Afterwards, Confederate soldiers were said to have murdered, captured, and wounded black"
VA077,Darbytown & New Market Roads,"Johnson's Farm, Fourmile Creek",VA,10/7/1864,10/7/1864,Richmand-Petersburg Campaign,Union Victory,,,,"Responding to the loss of Fort Harrison and the increasing Federal threat against Richmond, Gen. Robert E. Lee directed an offensive against the Union far right flank on October 7. After routing the Federal cavalry from their position covering Darbytown Road, Field’s and Hoke’s divisions assaulted the main Union defensive line along New Market Road and were repulsed. Confederate Gen. John Gregg of the Texas brigade was killed. The Federals were not dislodged, and Lee withdrew into the Richmond defenses."
VA078,Darbytown Road,Alms House,VA,10/13/1864,10/13/1864,Richmand-Petersburg Campaign,Confederate Victory,37.483,-77.3574,Wikidata Q4870845,"On October 13, Union forces advanced to find and feel the new Confederate defensive line in front of Richmond. While mostly a battle of skirmishers, a Federal brigade assaulted fortifications north of Darbytown Road and was repulsed with heavy casualties. The Federals retired to their entrenched lines along New Market Road."
VA079,Boydton Plank Road,"Hatcher's Run, Burgess' Mill",VA,10/27/1864,10/27/1864,Richmand-Petersburg Campaign,Confederate Victory,37.1431,-77.5116,Wikidata Q4870539,"Directed by Maj. Gen. Winfield Scott Hancock, divisions from three Union corps (II, V, and IX) and Gregg’s cavalry division, numbering more than 30,000 men, withdrew from the Petersburg lines and marched west to operate against the Boydton Plank Road and South Side Railroad. The initial Union advance on October 27 gained the Boydton Plank Road, a major campaign objective. But that afternoon, a counterattack near Burgess’ Mill spearheaded by Maj. Gen. Henry Heth’s division and Maj. Gen. Wade Hampton’s cavalry isolated the II Corps and forced a retreat. The Confederates retained control of the B"
VA080,Fair Oaks & Darbytown Road,Second Fair Oaks,VA,10/27/1864,10/28/1864,Richmand-Petersburg Campaign,Confederate Victory,37.494,-77.334,Wikidata Q4870994,"In combination with movements against the Boydton Plank Road at Petersburg, Maj. Gen. Benjamin Butler attacked the Richmond defenses along Darbytown Road with the X Corps. The XVIII Corps marched north to Fair Oaks where it was soundly repulsed by Field's Confederate division. Confederate forces counterattacked, taking some 600 prisoners. The Richmond defenses remained intact. Of Grant’s offensives north of the James River, this was repulsed most easily."
VA081,Marion,,VA,12/16/1864,12/18/1864,Franklin-Nashville Campaign,Union Victory,36.852,-81.4873,Wikidata Q4871678,"Riding through the Cumberland Gap, Stoneman’s expedition advanced on the important lead mines and salt ponds around Marion and Saltville. On December 17, Stoneman defeated a makeshift force of Confederate defenders. On the 18th, the Federals destroyed the leadworks and mines. On the 20th, they captured and destroyed the salt works at Saltville."
VA082,Saltville II,,VA,12/20/1864,12/21/1864,Franklin-Nashville Campaign,Union Victory,36.8857,-81.7592,Wikidata Q3401918,"After defeating a Confederate force at Marion on the December 17-18, Stoneman’s expedition advanced to Saltville. After determined skirmishing on the part of the outnumbered Confederate defenders, the Federals captured and destroyed the saltworks, accomplishing the objective of their raid."
VA083,Hatcher's Run,"Dabney's Mill, Rowanty Creek, Armstrong's Mill, Vaughan Road",VA,2/5/1865,2/7/1865,Richmond-Petersburg Campaign Continued,Union Victory,37.1305,-77.4853,Wikidata Q4871195,"On February 5, Bvt. Brig. Gen. David Gregg’s cavalry division rode out to the Boydton Plank Road via Ream's Station and Dinwiddie Court House in an attempt to intercept Confederate supply trains. Maj. Gen. G.K. Warren with the V Corps crossed Hatcher’s Run and took up a blocking position on the Vaughan Road to prevent interference with Gregg’s operations. Two divisions of the II Corps under Maj. Gen. A.A. Humphreys shifted west to near Armstrong’s Mill to cover Warren’s right flank. Late in the day, Maj. Gen. John B. Gordon attempted to turn Humphreys right flank near the mill but was repulsed"
VA084,Fort Stedman,,VA,3/25/1865,3/25/1865,Richmond-Petersburg Campaign Continued,Union Victory,37.226,-77.371,Wikidata Q543094,"In a last-gasp offensive, Gen. Robert E. Lee amassed nearly half of his army in an attempt to break through Grant’s Petersburg defenses and threaten his supply depot at City Point. Directed by Maj. Gen. John B. Gordon, the pre-dawn assault on March 25 overpowered the garrisons of Fort Stedman and Batteries X, XI, and XII. The Confederates were brought under a killing crossfire, and counterattacks led by Maj. Gens. Parke and Hartranft contained the breakthrough, cut off, and captured more than 1,900 of the attackers. During the day, elements of the II and VI Corps assaulted and captured the ent"
VA085,Lewis's Farm,"Quaker Road, Military Road, Gravelly Run",VA,3/29/1865,3/29/1865,Appomatox Campaign,Union Victory,37.128333333,-77.527777777,Wikidata Q1129674,"On March 29, in the opening moves of Grant’s spring offensive, Sheridan marched with the army’s cavalry followed by the V Corps toward Dinwiddie Court House to turn the right flank of Lee’s Petersburg defenses. The Union V Corps under Maj. Gen. G.K. Warren crossed Rowanty Creek, moved up the Quaker Road toward the Boydton Plank Road intersection, and encountered Johnson's Confederate brigades. A sharp firefight forced the Confederates back to their entrenchments on the White Oak Road."
VA086,Dinwiddie Court House,,VA,3/31/1865,3/31/1865,Appomatox Campaign,Confederate Victory,37.07725,-77.58711,Wikidata Q688807,"On March 29, with the Cavalry Corps and the II and V Corps, Sheridan undertook a flank march to turn Gen. Robert E. Lee’s Petersburg defenses. A steady downpour turned the roads to mud, slowing the advance. On March 31, Maj. Gen. W.H. Fitzhugh Lee’s cavalry and Pickett’s infantry division met the Union vanguard north and northwest of Dinwiddie Court House and drove it back, temporarily stalling Sheridan’s movement. With Union infantry approaching from the east, Pickett withdrew before daybreak to entrench at the vital road junction at Five Forks. Lee ordered Pickett to hold this intersection a"
VA087,White Oak Road,"Hatcher's Run, Gravelly Run, Boydton Plank Road, White Oak Road",VA,3/31/1865,3/31/1865,Appomatox Campaign,Union Victory,37.14844444,-77.51966667,Wikidata Q1872466,"On March 30, Lee shifted reinforcements to meet the Federal movement to turn his right flank, placing Maj. Gen. W.H. Fitzhugh Lee’s cavalry divisions at Five Forks and transferring Pickett’s division from the Bermuda Hundred front to the extreme right. Warren pushed the V Corps forward and entrenched a line to cover the Boydton Plank Road from its intersection with Dabney Mill Road south to Gravelly Run. Ayres’s division advanced northwest toward White Oak Road. On March 31, in combination with Maj. Gen. Philip Sheridan’s thrust via Dinwiddie Court House, Warren directed his corps against the "
VA088,Five Forks,,VA,4/1/1865,4/1/1865,Appomatox Campaign,Union Victory,37.139444444,-77.622777777,Wikidata Q194329,"Gen. Robert E. Lee ordered Pickett with his infantry division and Munford’s, W.H.F. Lee’s, and Rosser’s cavalry divisions to hold the vital crossroads of Five Forks at all hazard. On April 1, while Sheridan’s cavalry pinned the Confederate force in position, the V Corps under Maj. Gen. G.K. Warren attacked and overwhelmed the Confederate left flank, taking many prisoners. Sheridan personally directed the attack, which extended Lee’s Petersburg lines to the breaking point. Loss of Five Forks threatened Lee’s last supply line, the South Side Railroad. The next morning, Lee informed Jefferson Dav"
VA089,Petersburg III,The Breakthrough,VA,4/2/1865,4/2/1865,Appomatox Campaign,Union Victory,37.1776,-77.4774,Wikidata Q4462586,"With Confederate defeat at Five Forks on April 1, Grant and Meade ordered a general assault against the Petersburg lines by II, IX, VI and XXIV Corps on April 2. A heroic defense of Fort Gregg by a handful of Confederates prevented the Federals from entering the city that night. Lt. Gen. A.P. Hill was killed trying to reach his troops in the confusion. After dark, Lee ordered the evacuation of Petersburg and Richmond. Grant had achieved one of the major military objectives of the war: the capture of Petersburg, which led to the fall of Richmond, the Capitol of the Confederacy."
VA090,Sutherland's Station,,VA,4/2/1865,4/2/1865,Appomatox Campaign,Union Victory,37.1975,-77.5625,Wikidata Q2162088,"Union columns converged on Petersburg on April 2. part Mile's force struck north from White Oak Road meeting elements of four Confederate brigades (Cooke, Scales, MacRae, McGowan) attempting to defend the South Side Railroad. The Confedeerates placed their left flank on Ocran Methodist Church, where it was overun by three Union brigades commanded by Miles. The Confederate defenders were scattered and driven northwestward. With this victory, the Federals possessed the South Side Railroad, Gen. Robert E. Lee's last supply line into Petersburg."
VA091,Amelia Springs,,VA,4/5/1865,4/5/1865,Appomatox Campaign,Indecisive,37.3344,-78.079,Wikidata Q4870292,"On April 5, Confederate cavalry under Fitzhugh Lee and Rosser assaulted Union cavalry under George Crook as they returned from burning Confederate wagons at Painesville. This running fight started north of Amelia Springs and pushed through and beyond Jetersville."
VA092,Rice's Station,Rice's Depot,VA,4/6/1865,4/6/1865,Appomatox Campaign,Union Victory,37.2691,-78.2947,Wikidata Q2233254,"On April 6, Longstreet’s command reached Rice’s Station, its farthest point south, where it was blocked by Union XXIV Corps. After some skirmishing, Longstreet withdrew over the High Bridge during the night toward Farmville."
VA093,Sailor's Creek,"Hillsman Farm, Lockett Farm",VA,4/6/1865,4/6/1865,Appomatox Campaign,Union Victory,37.30551,-78.22797,Wikidata Q1497969,"On April 6 at Sailor’s Creek, nearly one fourth of the retreating Confederate army was cut off by Sheridan’s Cavalry and elements of the II and VI Corps. Most surrendered, including Confederate generals Richard S. Ewell, Barton, Simms, Kershaw, Custis Lee, Dubose, Hunton, and Corse. This action was considered the death knell of the Confederate army. Upon seeing the survivors streaming along the road, Lee exclaimed ’My God, has the army dissolved?’"
VA094,Cumberland Church,Farmville,VA,4/7/1865,4/7/1865,Appomatox Campaign,Confederate Victory,37.3464,-78.3866,Wikidata Q4438390,"Near 2 pm on April 7, the advance of the Union II Corps encountered Confederate forces entrenched on high ground near Cumberland Church. The Union forces attacked twice but were repulsed, and darkness halted the conflict. Union general Smythe was mortally wounded nearby, and J.I. Gregg was captured north of Farmville."
VA095,High Bridge,,VA,4/6/1865,4/7/1865,Appomatox Campaign,Indecisive,37.3122,-78.3177,Wikidata Q1935037,"On April 6, the Confederate cavalry fought stubbornly to secure the Appomattox River bridges. Confederate general Dearing was mortally wounded. On April 7, elements of the II Corps came up against Longstreet’s rear guard attempting to fire the High Bridge and wagon bridge. Union forces were able to save the wagon bridge over which the II Corps crossed in pursuit of Lee’s army. Failure to destroy this bridge enabled Union forces to catch up with the Confederates at Farmville."
VA096,Appomattox Station,,VA,4/8/1865,4/8/1865,Appomatox Campaign,Union Victory,37.35347222,-78.82730556,Wikidata Q2438253,"Custer’s division captured a supply train and twenty-five guns, driving off and scattering the Confederate defenders. This unique action pitted artillery without infantry support against cavalry. Custer captured and burned three trains loaded with provisions for Lee’s army."
VA097,Appomattox Court House,,VA,4/9/1865,4/9/1865,Appomatox Campaign,Union Victory,37.3775,-78.796111111,Wikidata Q1355391,"Early on April 9, the remnants of John Broun Gordon’s corps and Fitzhugh Lee’s cavalry formed line of battle at Appomattox Court House. Gen. Robert E. Lee determined to make one last attempt to escape the closing Union pincers and reach his supplies at Lynchburg. At dawn the Confederates advanced, initially gaining ground against Sheridan’s cavalry. The arrival of Union infantry, however, stopped the advance in its tracks. Lee’s army was now surrounded on three sides. Lee surrendered to Grant on April 9. This was the final engagement of the war in Virginia."
VA098,Petersburg I,Old Men and Young Boys,VA,6/9/1864,6/9/1864,Richmand-Petersburg Campaign,Confederate Victory,37.1776,-77.4774,Wikidata Q4462586,"On June 9, Maj. Gen. Benjamin Butler dispatched about 4,500 cavalry and infantry against the 2,500 Confederate defenders of Petersburg. While Butler’s infantry demonstrated against the outer line of entrenchments east of Petersburg, Kautz’s cavalry division attempted to enter the city from the south via the Jerusalem Plank Road but was repulsed by Home Guards. Afterwards, Butler withdrew. This was called the ’battle of old men and young boys’ by local residents. On June 14-17, the Army of the Potomac crossed the James River and began moving towards Petersburg to support and renew Butler’s assa"
VA099,Trevilian Station,Trevilians,VA,6/11/1864,6/12/1864,Grant's Overland Campaign,Confederate Victory,38.05094444,-78.0745,Wikidata Q1781894,"To draw off the Confederate cavalry and open the door for a general movement to the James River, Maj. Gen. Philip Sheridan mounted a large-scale cavalry raid into Louisa County, threatening to cut the Virginia Central Railroad. On June 11, Sheridan with the Gregg’s and Torbert’s divisions attacked Hampton’s and Fitzhugh Lee’s cavalry divisions at Trevilian Station. Sheridan drove a wedge between the Confederate divisions, throwing them into confusion. On the 12th, fortunes were reversed. Hampton and Lee dismounted their troopers and drew a defensive line across the railroad and the road to Gor"
VA100,Cockpit Point,"Batteries at Evansport, Freestone Point, Shipping Point",VA,1/3/1862,1/3/1862,Confederate Blockade of the Potomac River,Indecisive,38.59125,-77.73152778,Wikidata Q848741,"After victory at First Manassas, the Confederate army established a defensive line from Centreville along the Occoquan River to the Potomac River. In October, the Confederates constructed batteries at Evansport, Freestone Point, Shipping Point, and Cockpit Point to close the Potomac River to shipping and isolate Washington. By mid-December, the Confederates had 37 heavy guns in position along the river. On January 3, Cockpit Point was shelled by Anacostia and Yankee with neither side gaining an advantage. Union ships approached the point again on March 9 but discovered that the Confederates ha"
VA101,Kernstown I,,VA,3/23/1862,3/23/1862,Jackson's Valley Campaign,Union Victory,39.13951,-78.1953,Wikidata Q4128034,"Relying on faulty intelligence that reported the Union garrison at Winchester numbered only about 3,000, ’Stonewall’ Jackson marched aggressively north with his 3,400-man division. The 8,500 Federals, commanded by Col. Nathan Kimball, stopped Jackson at Kernstown and then counterattacked turning Jackson’s left flank and forcing him to retreat. Despite this Union victory, President Lincoln was disturbed by Jackson’s threat to Washington and redirected substantial reinforcements to the Valley, depriving McClellan’s army of these troops. McClellan claimed that the additional troops would have ena"
VA102,McDowell,Sitlingon's Hill,VA,5/8/1862,5/8/1862,Jackson's Valley Campaign,Confederate Victory,38.3247,-79.4754,Wikidata Q855913,"From Staunton, Maj. Gen. T.J. Jackson marched his army west along the Parkersburg Road to confront two brigades of Fr’mont’s force (Milroy and Schenck), advancing toward the Shenandoah Valley from western Virginia. At McDowell on May 8, Milroy seized the initiative and assaulted the Confederate position on Sitlington’s Hill. The Federals were repulsed after severe fighting, lasting four hours. Afterwards, Milroy and Schenck withdrew into western Virginia, freeing up Jackson’s army to march against the other Union columns threatening the Valley."
VA103,Front Royal,"Guard Hill, Cedarville",VA,5/23/1862,5/23/1862,Jackson's Valley Campaign,Confederate Victory,38.936,-78.1923,Wikidata Q2125491,"On May 23, Confederate forces, spearheaded by the Louisiana ’Tigers’ and the 1st Maryland, surprised and overran the pickets of a 1,000-man Union garrison under Col. Kenly at Front Royal. Driven through the town, the Federals made a stand on Camp Hill and again at Guard Hill after attempting to fire the river bridges. Outnumbered and outflanked, Kenly continued the retreat to Cedarville, where two cavalry charges led by Maj. Flournoy broke the roadblock and routed the Union force. Nearly 900 Federals surrendered. Jackson’s victory at Front Royal forced the Union army under Banks at Strasburg i"
VA104,Winchester I,Bowers Hill,VA,5/25/1862,5/25/1862,Jackson's Valley Campaign,Confederate Victory,39.18473,-78.16708,Wikidata Q765215,"After skirmishing with Maj. Gen. Nathaniel P. Banks’s retreating army at Middletown and Newtown on May 24, Maj. Gen. T.J. Jackson’s division continued north on the Valley Pike toward Winchester. There, Banks was attempting to reorganize his army to defend the town. Ewell’s division converged on Winchester from the southeast using the Front Royal Pike. On May 25, Ewell attacked Camp Hill, while the Louisiana Brigade of Jackson’s division outflanked and overran the Union position on Bowers Hill. Panic spread through the Federal ranks, and many fled through Winchester. Banks’s army was soundly de"
VA105,Cross Keys,,VA,6/8/1862,6/8/1862,Jackson's Valley Campaign,Confederate Victory,38.3579,-78.8438,Wikidata Q1970207,"Moving up the Shenandoah Valley in pursuit of Jackson’s army, Maj. Gen. John C. Fr’mont’s army encountered Maj. Gen. Richard S. Ewell’s division at Cross Keys on June 8. Brig. Gen. Julius Stahel’s brigade, attacking on the Union left, was stunned by a surprise volley from Trimble’s command and driven back in confusion. After feeling out other parts of the Confederate line, Fr’mont withdrew to the Keezletown Road under protection of his batteries. The next day, Trimble’s and Patton’s brigades held Fr’mont at bay, while the rest of Ewell’s force crossed the river to assist in the defeat of Brig."
VA106,Port Republic,,VA,6/9/1862,6/9/1862,Jackson's Valley Campaign,Confederate Victory,38.3002,-78.7933,Wikidata Q2602211,"Maj. Gen. T.J. Jackson concentrated his forces east of the South Fork of the Shenandoah against the isolated brigades of Tyler and Carroll of Shields’s division, Brig. Gen. Erastus Tyler commanding. Confederate assaults across the bottomland were repulsed with heavy casualties, but a flanking column turned the Union left flank at the Coaling. Union counterattacks failed to reestablish the line, and Tyler was forced to retreat. Confederate forces at Cross Keys marched to join Jackson at Port Republic burning the North River Bridge behind them. Fr’mont’s army arrived too late to assist Tyler and"
VA107,Winchester II,,VA,6/13/1863,6/15/1863,Gettysburg Campaign,Confederate Victory,39.18473,-78.16708,Wikidata Q765215,"After the Battle of Brandy Station, June 9, 1863, Lee ordered the II Corps, Army of Northern Virginia, under Lt. Gen. Richard S. Ewell, to clear the lower Shenandoah Valley of Union opposition. Ewell’s columns converged on Winchester’s garrison commanded by Brig. Gen. Robert Milroy. After fighting on the afternoon of June 13 and the capture of West Fort by the Louisiana Brigade on June 14, Milroy abandoned his entrenchments after dark in an attempt to reach Charles Town. ’Allegheny’ Johnson’s division conducted a night flanking march and before daylight of the 15th cut off Milroy’s retreat jus"
VA108,Manassas Gap,Wapping Heights,VA,7/23/1863,7/23/1863,Gettysburg Campaign,Indecisive,38.914,-78.114,Wikidata Q841131,"After recrossing the Potomac River at Williamsport, Lee’s army withdrew up the Shenandoah Valley. Meade crossed the Potomac River east of the Blue Ridge and followed Lee into Virginia. On July 23, Meade ordered the III Corps, under Maj. Gen. William. H. French to cut off the retreating Confederate columns at Front Royal by forcing passage through Manassas Gap. At first light, French began slowly pushing Walker’s Confederate brigade (Anderson’s division) back into the gap. About 4:30 pm, a strong Union attack drove Walker’s men until they were reinforced by Rodes’s division and artillery. By du"
VA109,Cove Mountain,,VA,5/10/1864,5/10/1864,Crook-Averell Raid on the Virginia & Tennessee,Indecisive,37.043,-81.122,Wikidata Q2888357,"On May 10, Brig. Gen. W.W. Averell’s raiders encountered a brigade under William ’Grumble’ Jones near Cove Mountain. After delaying the Union advance, the Confederates withdrew. The next day, Averell reached the New River Bridge on the Virginia & Tennessee Railroad, which he burned."
VA110,New Market,,VA,5/15/1864,5/15/1864,Lynchburg Campaign,Confederate Victory,38.661944444,-78.670555555,Wikidata Q2237043,"In conjunction with his Spring offensive, Lt. Gen. U.S. Grant ordered Maj. Gen. Franz Sigel to move up the Shenandoah Valley along the Valley Pike with 10,000 men to destroy the railroad and canal complex at Lynchburg. At New Market on the 15th, Sigel was attacked by a makeshift Confederate army of about 4,100 men commanded by Maj. Gen. John C. Breckinridge. At a crucial point, a key Union battery was withdrawn from the line to replenish its ammunition, leaving a weakness that Breckinridge was quick to exploit. He ordered his entire force forward, and Sigel’s stubborn defense collapsed. Threat"
VA111,Piedmont,,VA,6/5/1864,6/5/1864,Lynchburg Campaign,Union Victory,38.2142,-78.8994,Wikidata Q4872035,"After replacing Sigel in command of Union forces in the Shenandoah Valley, Maj. Gen. David ’Black Dave’ Hunter renewed the Union offensive. On June 5, Hunter engaged the Confederate army under ’Grumble’ Jones north of Piedmont. After severe fighting, a flanking movement made by Thoburn’s brigade turned Jones’s right flank. While trying to stem the retreat of his soldiers, Jones was killed. The retreat became a rout. More than 1,000 Confederates, including 60 officers, were captured. Jones lost three guns. Hunter occupied Staunton on June 6 and, after a pause to await the arrival of Brig. Gen. "
VA113,Staunton River Bridge,"Blacks and Whites, Old Men and Young Boys",VA,6/25/1864,6/25/1864,Richmand-Petersburg Campaign,Confederate Victory,36.8857,-78.7044,Wikidata Q4872435,"On June 22, the cavalry divisions of Brig. Gen. James Wilson and Brig. Gen. August Kautz were dispatched from the Petersburg lines to disrupt Confederate rail communications. Riding via Dinwiddie Court House, the raiders cut the South Side Railroad near Ford’s Station that evening, destroying tracks, railroad buildings, and two supply trains. On June 23, Wilson proceeded to the junction of the Richmond & Danville Railroad at Burke Station, where he encountered elements of William H.F. Lee’s cavalry between Nottoway Court House and Blacks and Whites (modern-day Blackstone). Wilson followed Kaut"
VA114,Cool Spring,"Island Ford, Parkers Ford, Snickers Ferry, Castleman's Ferry",VA,7/17/1864,7/18/1864,Early's Raid and Operations Against B&O RR,Confederate Victory,36.8340367,-77.8258275,"OpenStreetMap: Cool Spring, Brunswick County, Virginia, 23843, United States","A Union column, consisting of the VI Corps and elements of the XIX Corps under Maj. Gen. Horatio Wright, pursued Early’s army as it withdrew from the environs of Washington, D.C. Wright’s force was joined by elements of Crook’s command, which had accompanied Hunter during his retreat through West Virginia. On July 17, the Union cavalry passed through Snickers Gap and attempted to force passage of the Shenandoah River at Snickers Ford (Castleman’s Ferry). On the morning of July 18, the vanguard of the Union infantry moved through Snickers Gap. Col. Joseph Thoburn (of Crook’s command) led his di"
VA115,Rutherford's Farm,,VA,7/20/1864,7/20/1864,Early’s Raid and Operations against the B&O Railro,Union Victory,39.21933333,-78.13333333,Wikidata Q4872220,"On July 20, Brig. Gen. W.W. Averell’s Union division attacked Maj. Gen. S.D. Ramseur’s Confederate division at Rutherford’s and Carter’s farms. This sudden assault came in on the flank of Hoke’s brigade as it was deploying, throwing it into a panic. Ramseur retreated toward Winchester in confusion. Averell captured four pieces of artillery and nearly 300 men. With this defeat, Early withdrew his army south to a defensive position at Fisher’s Hill."
VA116,Kernstown II,,VA,7/24/1864,7/24/1864,Early's Raid and Operations Against B&O RR,Confederate Victory,39.13951,-78.1953,Wikidata Q4128034,"Believing that Early’s army was no longer a threat in the Valley, Maj. Gen. Horatio Wright abandoned his pursuit and ordered the VI and XIX Corps to return to Washington, where they were to be sent to Grant’s ’army group’ before Petersburg. Wright left Brig. Gen. George Crook with three divisions and some cavalry to hold Winchester. Under orders to prevent reinforcements from being sent to Grant, Early marched north on July 24 against Crook. After an hour of stubborn resistance at Pritchard’s Hill, the Federal line collapsed and Crook’s divisions streamed back in disarray through the streets o"
VA117,Guard Hill,"Front Royal, Cedarville",VA,8/16/1864,8/16/1864,Sheridan's Valley Campaign,Indecisive,38.95305556,-78.20013889,Wikidata Q4871157,"Kershaw’s infantry division and Fitzhugh Lee’s cavalry, under overall command of Lt. Gen. Richard Anderson (Army of Northern Virginia, I Corps) were sent from Petersburg to reinforce Early’s army in the Valley. At Front Royal on the August 16, Union cavalry of Brig. Gen. Wesley Merritt’s division surprised the Confederate columns in mid-stream of the Shenandoah River, capturing about 300. The Confederates rallied and advanced, gradually driving the two Union brigades back to Cedarville. After dark, Merritt withdrew to Ninevah."
VA118,Berryville,,VA,9/3/1864,9/4/1864,Sheridan's Valley Campaign,Indecisive,39.16208333,-77.99755556,Wikidata Q4870473,"Maj. Gen. Philip Sheridan’s divisions marched south from Halltown, reaching Berryville on September 3. Happening upon elements of Brig. Gen. George Crook’s corps going into camp, Maj. Gen. R.H. Anderson’s (Kershaw’s) division attacked with limited results. During the night, Early brought up his entire army but by daylight found Sheridan’s position too strongly entrenched to assault. General Early withdrew after dark behind Opequon Creek."
VA119,Opequon,Third Winchester,VA,9/19/1864,9/19/1864,Sheridan's Valley Campaign,Union Victory,39.1956,-78.1325,Wikidata Q1626179,"After Kershaw’s division left Winchester to rejoin Lee’s army at Petersburg, Lt. Gen. Jubal A. Early renewed his raids on the B&O Railroad at Martinsburg, badly dispersing his four remaining infantry divisions. On September 19, Sheridan advanced toward Winchester along the Berryville Pike with the VI and XIX Corps, crossing Opequon Creek. The Union advance was delayed long enough for Early to concentrate his forces to meet the main assault, which continued for several hours. Casualties were very heavy. The Confederate line was gradually driven back toward the town. Mid-afternoon, Crook’s (VIII"
VA120,Fisher's Hill,,VA,9/21/1864,9/22/1864,Sheridan's Valley Campaign,Union Victory,38.981872512,-78.395911537,Wikidata Q766944,"Early’s army, bloodied by its defeat at Opequon (Third Winchester) on September 19, took up a strong defensive position at Fisher’s Hill, south of Strasburg. On September 21, the Union army advanced, driving back the skirmishers and capturing important high ground. On the 22nd, Crook’s Corps moved along North Mountain to outflank Early and attacked about 4 pm. The Confederate cavalry offered little resistance, and the startled infantry were unable to face the attacking force. The Confederate defense collapsed from west to east as Sheridan’s other corps join in the assault. Early retreated to R"
VA121,Tom's Brook,Woodstock Races,VA,10/9/1864,10/9/1864,Sheridan's Valley Campaign,Union Victory,38.9429,-78.4458,Wikidata Q4872566,"After his victory at Fisher’s Hill, Maj. Gen. Philip Sheridan pursued Early’s army up the Shenandoah Valley to near Staunton. On October 6, Sheridan began withdrawing, as his cavalry burned everything that could be deemed of military significance, including barns and mills. Reinforced by Kershaw’s division, Early followed. Maj. Gen. Thomas Rosser arrived from Petersburg to take command of Fitz Lee’s cavalry division and harassed the retreating Federals. On October 9, Torbert’s troopers turned on their pursuers, routing the divisions of Rosser and Lomax at Tom’s Brook. With this victory, the Un"
VA122,Cedar Creek,Belle Grove,VA,10/19/1864,10/19/1864,Sheridan's Valley Campaign,Union Victory,39.0193,-78.3043,Wikidata Q1710916,"At dawn, October 19, 1864, the Confederate Army of the Valley under Lt. Gen. Jubal A. Early surprised the Federal army at Cedar Creek and routed the VIII and XIX Army Corps. Commander Maj. Gen. Philip Sheridan arrived from Winchester to rally his troops, and, in the afternoon, launched a crushing counterattack, which recovered the battlefield. Sheridan’s victory at Cedar Creek broke the back of the Confederate army in the Shenandoah Valley. Lincoln rode the momentum of Sheridan’s victories in the Valley and Sherman’s successes in Georgia to re-election."
VA123,Waynesboro,,VA,3/2/1865,3/2/1865,Sheridan's Expedition to Petersburg,Union Victory,38.0686668,-78.8893999,"OpenStreetMap: Waynesboro, Virginia, 22980, United States","On February 27, Maj. Gen. Philip Sheridan with two cavalry divisions rode from Winchester up the Shenandoah Valley to Staunton. Turning east, the Federals encountered the last remnant of Lt. Gen. Jubal Early’s Valley army at Waynesboro on March 2. After a brief stand-off, a Federal attack rolled up Early’s right flank and scattered his small force. More than 1,500 Confederates surrendered. Early and a few of his staff evaded capture. Sheridan crossed the Blue Ridge to Charlottesville and then raided south, destroying the James River Canal locks near Goochland Court House. He joined forces with"
VA124,Namozine Church,,VA,4/3/1865,4/3/1865,Appomatox Campaign,Indecisive,37.24888889,-77.72555556,Wikidata Q1840768,Rearguard cavalry action. A brigade of Union cavalry under Col. William Well's (Custer's Division) attacked Fitzhugh Lee's cavalry near Namozine Church on April 3. Confederate Gen. Rufus Barringer was captured nearby.
VA125,Walkerton,Mantapike Hill,VA,3/2/1864,3/2/1864,Kilpatrick-Dahlgren Raid,Confederate Victory,37.70916667,-76.92472222,Wikidata Q2410965,"On February 28, Brig. Gen. Judson Kilpatrick left his encampment at Stevensburg with 4,000 picked men to raid Richmond. Col. Ulric Dahlgren, son of Rear Adm. John Dahlgren, commanded an advance force of 500 men. While the main body under Kilpatrick rode along the Virginia Central Railroad tearing up track, Dahlgren rode south to the James River, hoping to cross over, penetrate Richmond’s defenses from the rear, and release Union prisoners at Belle Isle. Kilpatrick reached the outskirts of Richmond on March 1 and skirmished before the city’s defenses, waiting for Dahlgren to rejoin the main col"
VA126,Cumberland Gap,"Hillsman Farm, Locett Farm",VA,4/6/1865,4/6/1865,,,36.6040421,-83.6736394,"OpenStreetMap: Cumberland Gap, Lee County, Virginia, 37752, United States",
WV001,Philippi,Philippi Races,WV,6/3/1861,6/3/1861,Operations in Western Virginia,Union Victory,39.151827,-80.039687,Wikidata Q1061090,"Col. Thomas A. Morris, temporarily in command of Union forces in western Virginia, mounted a two-prong advance under E. Dumont and B.F. Kelley against a small Confederate occupation force at Philippi under Porterfield. Kelley marched on back roads from near Grafton on June 2 to reach the rear of the town, while Dumont moved south from Webster. Both columns arrived at Philippi before dawn on the 3rd. The resulting surprise attack routed the Confederate troops, forcing them to retreat to Huttonsville. Although a small affair, this was considered the first major land action in the Eastern Theater"
WV002,Hoke's Run,"Falling Waters, Hainesville",WV,7/2/1861,7/2/1861,Manassas Campaign,Union Victory,39.521423,-77.913365,Wikidata Q1497885,"On July 2, Maj. Gen. Robert Patterson’s division crossed the Potomac River near Williamsport and marched on the main road to Martinsburg. Near Hoke’s Run, Abercrombie’s and Thomas’s brigades encountered regiments of T.J. Jackson’s brigade, driving them back slowly. Jackson’s orders were to delay the Federal advance only, which he did, withdrawing before Patterson’s larger force. On July 3, Patterson occupied Martinsburg but made no further aggressive moves until July 15, when he marched to Bunker Hill. Instead of moving on Winchester, however, Patterson turned east to Charles Town and then wit"
WV003,Rich Mountain,,WV,7/11/1861,7/11/1861,Operations in Western Virginia,Union Victory,38.866111111,-79.933888888,Wikidata Q1061267,"Maj. Gen. George B. McClellan assumed command of Union forces in western Virginia in June 1861. On June 27, he moved his divisions from Clarksburg south against Lt. Col. John Pegram’s Confederates, reaching the vicinity of Rich Mountain on July 9. Meanwhile, Brig. Gen. T.A. Morris’s Union brigade marched from Philippi to confront Brig. Gen. R.S. Garnett’s command at Laurel Hill. On July 11, Brig. Gen. William S. Rosecrans led a reinforced brigade by a mountain path to seize the Staunton-Parkersburg Turnpike in Pegram’s rear. A sharp two-hour fight ensued in which the Confederates were split in"
WV004,Kessler's Cross Lanes,,WV,8/26/1861,8/26/1861,Operations in Western Virginia,Confederate Victory,,,,"On August 26, Brig. Gen. John Floyd, commanding Confederate forces in the Kanawha Valley, crossed the Gauley River to attack Col. Erastus Tyler’s 7th Ohio Regiment encamped at Kessler’s Cross Lanes. The Union forces were surprised and routed. Floyd then withdrew to the river and took up a defensive position at Carnifex Ferry. During the month, Gen. Robert E. Lee arrived in western Virginia and attempted to coordinate the forces of Brig. Gens. Floyd, Henry Wise, and William W. Loring."
WV005,Cheat Mountain,Cheat Mountain Summit,WV,9/12/1861,9/15/1861,Operations in Western Virginia,Union Victory,38.621388888,-79.880555555,Wikidata Q1426037,"Gen. Robert E. Lee directed his first offensive of the war against Brig. Gen. Joseph Reynolds’s entrenchments on the summit of Cheat Mountain and in the Tygart Valley. The Confederate attacks were uncoordinated, however, and the Federal defense was so stubborn that Col. Albert Rust (leading the attacks) was convinced that he confronted an overwhelming force. He actually faced only about 300 determined Federals. Lee called off the attack and, after maneuvering in the vicinity, withdrew to Valley Head on September 17. In October, Lee renewed operations against Laurel Mountain with the troops of "
WV006,Carnifex Ferry,,WV,9/10/1861,9/10/1861,Operations in Western Virginia,Union Victory,38.208888888,-80.938611111,Wikidata Q451711,"Learning of Col. Erastus Tyler’s rout at Kessler’s Cross Lanes, Brig. Gen. William S. Rosecrans moved three brigades south from Clarksburg to support him. On the afternoon of September 10, he advanced against Brig. Gen. John Floyd’s camps at Carnifex Ferry. Darkness halted several hours’ fighting. The strength of the Union artillery convinced Floyd to retreat during the night. Floyd blamed his defeat on his co-commander Brig. Gen. Henry Wise, contributing to further dissension in the Confederate ranks."
WV007,Greenbrier River,Camp Bartow,WV,10/3/1861,10/3/1861,Operations in Western Virginia,Indecisive,38.534166666,-79.767777777,Wikidata Q1425892,"During the night of October 2-3, Brig. Gen. Joseph Reynolds with two brigades advanced from Cheat Mountain to reconnoiter the Confederate position at Camp Bartow on the Greenbrier River. Reynolds drove in the Confederate pickets and opened fire with his artillery. After sporadic fighting and an abortive attempt to turn his enemy’s right flank, Reynolds withdrew to Cheat Mountain."
WV008,Camp Allegheny,,WV,12/13/1861,12/13/1861,Operations in Western Virginia,Indecisive,38.473888888,-79.724444444,Wikidata Q1422914,"In December, Confederate forces under Col. Edward Johnson occupied the summit of Allegheny Mountain to defend the Staunton-Parkersburg Pike. A Union force under Brig. Gen. Robert Milroy attacked Johnson on December 13. Fighting continued for much of the morning as each side maneuvered to gain the advantage. Finally, Milroy’s troops were repulsed, and he retreated to his camps near Cheat Mountain. At year’s end, Edward Johnson remained at Camp Allegheny with five regiments, and Henry Heth was at Lewisburg with two regiments."
WV010,Harpers Ferry,,WV,9/12/1862,9/15/1862,Maryland Campaign,Confederate Victory,39.3228,-77.7302,Wikidata Q1565693,"Learning that the garrison at Harpers Ferry had not retreated after his incursion into Maryland, Lee decided to surround the force and capture it. He divided his army into four columns, three of which converged upon and invested Harpers Ferry. On September 15, after Confederate artillery was placed on the heights overlooking the town, Union commander Col. Miles surrendered the garrison of more than 12,000. Miles was mortally wounded by a last salvo fired from a battery on Loudoun Heights. Jackson took possession of Harpers Ferry, then led most of his soldiers to join with Lee at Sharpsburg. Af"
WV012,Droop Mountain,,WV,11/6/1863,11/6/1863,Averell's Raid On the Virginia &Tennessee RR,Union Victory,38.1128,-80.274,Wikidata Q4870922,"In early November, Brig. Gens. W.W. Averell and Alfred Napoleon Alexander Duffi’ embarked on a raid into southwestern Virginia to disrupt the Virginia & Tennessee Railroad. While Duffi’s column destroyed military property en route, Averell encountered and defeated a Confederate brigade under Brig. Gen. John Echols at Droop Mountain. The Union columns reunited at Lewisburg the next day but were in no condition to continue their raid. After this battle, Confederate resistance in West Virginia collapsed."
WV013,Moorefield,Oldfields,WV,8/7/1864,8/7/1864,Early's Raid and Operations Against B&O RR,Union Victory,39.0941,-78.9645,Wikidata Q4871787,"While returning to the Shenandoah Valley after burning Chambersburg, McCausland’s and Johnson’s cavalry were surprised at Moorefield on August 7 and routed by pursuing Union cavalry. This defeat impeded the morale and effectiveness of the Confederate cavalry for the remainder of the 1864 Valley Campaign."
WV014,Summit Point,"Flowing Springs, Cameron's Depot",WV,8/21/1864,8/21/1864,Sheridan's Valley Campaign,Indecisive,39.2499,-77.9586,Wikidata Q4872460,"As Maj. Gen. Philip Sheridan concentrated his army near Charles Town, Lt. Gen. Jubal Early and Maj. Gen. Richard Anderson attacked the Federals with converging columns on August 21. Early moved east via Smithfield against the Union VI Corps. Anderson struck north against Wilson's Union cavalry at Summit Point. There was cavalry fighting near Berryville. The Federals fought effective delaying actions, withdrawing to near Halltown on the following day."
WV015,Smithfield Crossing,,WV,8/28/1864,8/29/1864,Sheridan's Valley Campaign,Indecisive,39.308,-77.9824,Wikidata Q4872399,"On August 29, two Confederate infantry divisions crossed Opequon Creek at Smithfield and forced back Merritt’s Union cavalry division back along the road to Charles Town. Ricketts’s infantry division was brought up to stop the Confederate advance."
WV016,Shepherdstown,Boteler's Ford,WV,9/19/1862,9/20/1862,Maryland Campaign,Confederate Victory,39.4279,-77.7786,Wikidata Q781694,"On September 19, a detachment of Porter’s V Corps pushed across the river at Boteler’s Ford, attacked the Confederate rearguard commanded by Brig. Gen. William Pendleton, and captured four guns. Early on the 20th, Porter pushed elements of two divisions across the Potomac to establish a bridgehead. Hill’s division counterattacked while many of the Federals were crossing and nearly annihilated the 118th Pennsylvania (the ’Corn Exchange’ Regiment), inflicting 269 casualties. This rearguard action discouraged Federal pursuit. On November 7, President Lincoln relieved McClellan of command because "
